Cod	Secc	Curso	Tipo	Horario	Aula	Docente
BEF01	A	ETICA Y FILOSOFIA POLITICA	TEORIA	VI 10-11	R1-450	ROMERO CIEZA, JOSÉ
BEF01	A	ETICA Y FILOSOFIA POLITICA	PRACTICA	VI 11-13	R1-450	ROMERO CIEZA, JOSÉ
BEF01	B	ETICA Y FILOSOFIA POLITICA	PRACTICA	MI 17-19	R1-460	ROMERO CIEZA, JOSÉ
BEF01	B	ETICA Y FILOSOFIA POLITICA	TEORIA	MI 16-17	R1-460	ROMERO CIEZA, JOSÉ
BEF01	C	ETICA Y FILOSOFIA POLITICA	TEORIA	VI 19-20	zoom24	ROMERO CIEZA, JOSÉ
BEF01	C	ETICA Y FILOSOFIA POLITICA	PRACTICA	VI 20-22	zoom24	ROMERO CIEZA, JOSÉ
BEG01	A	ECONOMIA GENERAL	TEORIA	LU 16-18	R3-123C	VERA RONCALLA, CESAR ANIBAL
BEG01	A	ECONOMIA GENERAL	PRACTICA	MA 17-19	R3-123C	CRUZ BARRIOS CARLOS RUBEN
BEG01	B	ECONOMIA GENERAL	TEORIA	VI 8-10	R1-411	VERA RONCALLA, CESAR ANIBAL
BEG01	B	ECONOMIA GENERAL	PRACTICA	LU 17-19	R1-401	SOLORZANO VARGAS, JULIO CESAR
BEG01	C	ECONOMIA GENERAL	TEORIA	LU 16-18	R1-411	CRUZ BARRIOS CARLOS RUBEN
BEG01	C	ECONOMIA GENERAL	PRACTICA	MA 16-18	R1-430	CLAVIJO RAMOS, RAÚL HUMBERTO
BEG01	D	ECONOMIA GENERAL	TEORIA	LU 10-12	R3-123C	SOLORZANO VARGAS, JULIO CESAR
BEG01	D	ECONOMIA GENERAL	PRACTICA	MI 10-12	R1-411	SOLORZANO VARGAS, JULIO CESAR
BFI01	A	FISICA I	TEORIA	JU 10-12	J3-162A	TELLO GALVEZ, JULIO CÉSAR
BFI01	A	FISICA I	TEORIA	MA 10-12	J3-162B	TELLO GALVEZ, JULIO CÉSAR
BFI01	A	FISICA I	PRACTICA	LU 14-16	J3-182A	AMORETTI VIDAL, JESÚS ESTEBAN
BFI01	A	FISICA I	LABORATORIO	MA 16-18	LAB F	AMORETTI VIDAL, JESÚS ESTEBAN
BFI01	B	FISICA I	TEORIA	JU 10-12	J3-182B	RIVERA ASCONA, CHRISTIAN
BFI01	B	FISICA I	TEORIA	VI 10-12	J3-182A	RIVERA ASCONA, CHRISTIAN
BFI01	B	FISICA I	PRACTICA	LU 14-16	J3-182B	CORTEZ REYES, GREGORIO CUSTODIO
BFI01	B	FISICA I	LABORATORIO	MA 14-16	LAB F	CORTEZ REYES, GREGORIO CUSTODIO
BFI01	C	FISICA I	TEORIA	LU 10-12	J3-242	ZEVALLOS HERENCIA, MARIA ISELA
BFI01	C	FISICA I	TEORIA	MA 10-12	J3-242	ZEVALLOS HERENCIA, MARIA ISELA
BFI01	C	FISICA I	PRACTICA	LU 14-16	J3-252	PAUCAR ROMERO, HERBERTH GUSTAVO
BFI01	C	FISICA I	LABORATORIO	JU 16-18	LAB F	PAUCAR ROMERO, HERBERTH GUSTAVO
BFI01	D	FISICA I	TEORIA	MA 14-16	J3-242	AMORETTI VIDAL, JESÚS ESTEBAN
BFI01	D	FISICA I	TEORIA	JU 16-18	J3-232	AMORETTI VIDAL, JESÚS ESTEBAN
BFI01	D	FISICA I	PRACTICA	LU 14-16	J3-222	CORTEZ REYES, GREGORIO CUSTODIO
BFI01	D	FISICA I	LABORATORIO	JU 10-12	LAB F	CORTEZ REYES, GREGORIO CUSTODIO
BFI01	E	FISICA I	TEORIA	MA 8-10	J3-162B	ORCCOHUARANCCA NINA, AMÉRICO
BFI01	E	FISICA I	TEORIA	JU 8-10	J3-222	ORCCOHUARANCCA NINA, AMÉRICO
BFI01	E	FISICA I	PRACTICA	LU 14-16	J3-162B	SILVA VASQUEZ HUMBERTO MARTIN
BFI01	E	FISICA I	LABORATORIO	VI 8-10	LAB F	SILVA VASQUEZ HUMBERTO MARTIN
BFI01	F	FISICA I	TEORIA	JU 8-10	J3-182B	PAREDES CARLOS, ÁNGEL JUVENCIO
BFI01	F	FISICA I	TEORIA	VI 8-10	J3-182B	PAREDES CARLOS, ÁNGEL JUVENCIO
BFI01	F	FISICA I	PRACTICA	LU 14-16	J3-232	ZEGARRA BORRERO, ANTONIO FEDERICO
BFI01	F	FISICA I	LABORATORIO	MA 10-12	LAB F	ZEGARRA BORRERO, ANTONIO FEDERICO
BIC01	A	INTRODUCCION A LA COMPUTACION	TEORIA	JU 7-8	SALA 5	SEGOVIA JUAREZ, JOSE LUIS
BIC01	A	INTRODUCCION A LA COMPUTACION	LABORATORIO	JU 8-10	SALA 5	SEGOVIA JUAREZ, JOSE LUIS
BIC01	B	INTRODUCCION A LA COMPUTACION	TEORIA	JU 7-8	SALA 4	QUISPE TORRES, MANUEL ALEJANDRO
BIC01	B	INTRODUCCION A LA COMPUTACION	LABORATORIO	JU 8-10	SALA 4	QUISPE TORRES, MANUEL ALEJANDRO
BIC01	C	INTRODUCCION A LA COMPUTACION	TEORIA	JU 7-8	SALA 3	DÍAZ DOMÍNGUEZ, CARLOS MANUEL
BIC01	C	INTRODUCCION A LA COMPUTACION	LABORATORIO	JU 8-10	SALA 3	DÍAZ DOMÍNGUEZ, CARLOS MANUEL
BIC01	D	INTRODUCCION A LA COMPUTACION	TEORIA	JU 7-8	SALA 2	CHULLUNCUY REYNOSO, AMERICO ANDRES
BIC01	D	INTRODUCCION A LA COMPUTACION	LABORATORIO	JU 8-10	SALA 2	CHULLUNCUY REYNOSO, AMERICO ANDRES
BIC01	E	INTRODUCCION A LA COMPUTACION	TEORIA	MI 7-8	SALA 5	YAURI LOZANO, EDUARDO
BIC01	E	INTRODUCCION A LA COMPUTACION	LABORATORIO	MI 8-10	SALA 5	YAURI LOZANO, EDUARDO
BIC01	F	INTRODUCCION A LA COMPUTACION	TEORIA	MI 7-8	SALA 4	MONTALVO GARCÍA, PETER JONATHAN
BIC01	F	INTRODUCCION A LA COMPUTACION	LABORATORIO	MI 8-10	SALA 4	MONTALVO GARCÍA, PETER JONATHAN
BIC01	G	INTRODUCCION A LA COMPUTACION	TEORIA	MI 7-8	SALA 3	SEGOVIA JUAREZ, JOSE LUIS
BIC01	G	INTRODUCCION A LA COMPUTACION	LABORATORIO	MI 8-10	SALA 3	SEGOVIA JUAREZ, JOSE LUIS
BIC01	H	INTRODUCCION A LA COMPUTACION	TEORIA	MI 7-8	SALA 2	CHULLUNCUY REYNOSO, AMERICO ANDRES
BIC01	H	INTRODUCCION A LA COMPUTACION	LABORATORIO	MI 8-10	SALA 2	CHULLUNCUY REYNOSO, AMERICO ANDRES
BMA01	A	CALCULO DIFERENCIAL	TEORIA	LU 8-10	J3-162B	PAREDES SORIA, LEOPOLDO
BMA01	A	CALCULO DIFERENCIAL	TEORIA	MI 8-10	J3-162B	PAREDES SORIA, LEOPOLDO
BMA01	A	CALCULO DIFERENCIAL	PRACTICA	MI 16-18	J3-242	NUÑEZ SULLCA, ALBERTH JOHN
BMA01	B	CALCULO DIFERENCIAL	TEORIA	LU 10-12	R1-430	LA ROSA OBANDO, LAURA BETZABÉ
BMA01	B	CALCULO DIFERENCIAL	TEORIA	MI 10-12	R1-401	LA ROSA OBANDO, LAURA BETZABÉ
BMA01	B	CALCULO DIFERENCIAL	PRACTICA	MI 16-18	J3-252	PAREDES SORIA, LEOPOLDO
BMA01	C	CALCULO DIFERENCIAL	TEORIA	MI 8-10	R1-430	RAMÍREZ GUTIERREZ, ANGEL ENRIQUE
BMA01	C	CALCULO DIFERENCIAL	TEORIA	VI 8-10	J3-252	RAMÍREZ GUTIERREZ, ANGEL ENRIQUE
BMA01	C	CALCULO DIFERENCIAL	PRACTICA	MI 16-18	J3-232	LÓPEZ MEGO, VICTOR
BMA01	D	CALCULO DIFERENCIAL	TEORIA	MI 8-10	J3-182B	CRIBILLERO ACHING, JUAN AURELIO
BMA01	D	CALCULO DIFERENCIAL	TEORIA	VI 8-10	R1-240A	CRIBILLERO ACHING, JUAN AURELIO
BMA01	D	CALCULO DIFERENCIAL	PRACTICA	MI 16-18	J3-162A	PAUCAR ROJAS, RINA ROXANA
BMA01	E	CALCULO DIFERENCIAL	TEORIA	MA 8-10	J3-252	SULCA CHIPANA, JORGE JOEL
BMA01	E	CALCULO DIFERENCIAL	TEORIA	VI 8-10	J3-162B	SULCA CHIPANA, JORGE JOEL
BMA01	E	CALCULO DIFERENCIAL	PRACTICA	MI 16-18	J3-162B	ACUÑA ORTEGA, RICHARD FLAVIO
BMA01	F	CALCULO DIFERENCIAL	TEORIA	LU 10-12	J3-162B	QUIÑONES ROBLES, MARCO ERNESTO
BMA01	F	CALCULO DIFERENCIAL	TEORIA	MI 10-12	J3-162A	QUIÑONES ROBLES, MARCO ERNESTO
BMA01	F	CALCULO DIFERENCIAL	PRACTICA	MI 16-18	J3-182A	SALAZAR FLORES, ELIZABETH RUTH
BMA02	A	CALCULO INTEGRAL	TEORIA	LU 16-18	J3-222	PAREDES SORIA, LEOPOLDO
BMA02	A	CALCULO INTEGRAL	TEORIA	VI 16-18	J3-182A	PAREDES SORIA, LEOPOLDO
BMA02	A	CALCULO INTEGRAL	PRACTICA	JU 14-16	J3-182A	ROCA GALINDO, LUIS RODOLFO
BMA02	B	CALCULO INTEGRAL	TEORIA	LU 18-20	R1-421	VILLANUEVA SANTOS, FELIX RICARDO
BMA02	B	CALCULO INTEGRAL	TEORIA	MI 18-20	R1-440	VILLANUEVA SANTOS, FELIX RICARDO
BMA02	B	CALCULO INTEGRAL	PRACTICA	JU 14-16	J3-182B	PAREDES SORIA, LEOPOLDO
BMA02	C	CALCULO INTEGRAL	TEORIA	LU 8-10	R1-430	LA ROSA OBANDO, LAURA BETZABÉ
BMA02	C	CALCULO INTEGRAL	TEORIA	MI 8-10	R1-401	LA ROSA OBANDO, LAURA BETZABÉ
BMA02	C	CALCULO INTEGRAL	PRACTICA	JU 14-16	J3-232	TAMARA ALBINO, JIMMY RAINER
BMA02	D	CALCULO INTEGRAL	TEORIA	LU 8-10	R1-401	ABANTO SILVA, DIMAS PERCY
BMA02	D	CALCULO INTEGRAL	TEORIA	MI 8-10	R1-460	ABANTO SILVA, DIMAS PERCY
BMA02	D	CALCULO INTEGRAL	PRACTICA	JU 14-16	J3-222	SULCA CHIPANA, JORGE JOEL
BMA03	A	ALGEBRA LINEAL	TEORIA	VI 7-10	J3-182A	TAMARA ALBINO, JIMMY RAINER
BMA03	A	ALGEBRA LINEAL	PRACTICA	VI 16-18	R1-430	TAMARA ALBINO, JIMMY RAINER
BMA03	B	ALGEBRA LINEAL	TEORIA	VI 7-10	J3-222	OSTOS CORDERO, BENITO LEONARDO
BMA03	B	ALGEBRA LINEAL	PRACTICA	VI 16-18	R1-440	LÓPEZ MEGO, VICTOR
BMA03	C	ALGEBRA LINEAL	TEORIA	MA 7-10	R1-460	ACUÑA ORTEGA, RICHARD FLAVIO
BMA03	C	ALGEBRA LINEAL	PRACTICA	VI 16-18	J3-182B	NUÑEZ SULLCA, ALBERTH JOHN
BMA03	D	ALGEBRA LINEAL	TEORIA	LU 7-10	J3-182A	MUNGUIA LA COTERA, JONATHAN ALFREDO
BMA03	D	ALGEBRA LINEAL	PRACTICA	VI 16-18	R1-401	MUNGUIA LA COTERA, JONATHAN ALFREDO
BMA03	E	ALGEBRA LINEAL	TEORIA	JU 7-10	J3-182A	SALINAS ZAVALA, CHRISTOPER JESUS
BMA03	E	ALGEBRA LINEAL	PRACTICA	VI 16-18	J3-252	ACUÑA ORTEGA, RICHARD FLAVIO
BMA03	F	ALGEBRA LINEAL	TEORIA	MA 7-10	J3-182A	PAUCAR ROJAS, RINA ROXANA
BMA03	F	ALGEBRA LINEAL	PRACTICA	VI 16-18	SALA 2	PAUCAR ROJAS, RINA ROXANA
BQU01	A	QUIMICA I	TEORIA	LU 10-12	J3-252	SAYÁN RIVERA, ROSA MARÍA ELIZABETH
BQU01	A	QUIMICA I	TEORIA	MI 10-12	J3-232	SAYÁN RIVERA, ROSA MARÍA ELIZABETH
BQU01	A	QUIMICA I	LABORATORIO	MI 14-16	LAB 33C	FLORES GARCÉS, JOSÉ AUGUSTO
BQU01	B	QUIMICA I	TEORIA	LU 10-12	J3-252	SAYÁN RIVERA, ROSA MARÍA ELIZABETH
BQU01	B	QUIMICA I	TEORIA	MI 10-12	J3-232	SAYÁN RIVERA, ROSA MARÍA ELIZABETH
BQU01	B	QUIMICA I	LABORATORIO	JU 16-18	LAB 33C	FLORES GARCÉS, JOSÉ AUGUSTO
BQU01	C	QUIMICA I	TEORIA	LU 8-10	J3-182B	DURAND AGUILAR, KORALÍ CAROLINA
BQU01	C	QUIMICA I	TEORIA	MI 8-10	J3-222	DURAND AGUILAR, KORALÍ CAROLINA
BQU01	C	QUIMICA I	LABORATORIO	MA 8-10	LAB 12	SAYÁN RIVERA, ROSA MARÍA ELIZABETH
BQU01	D	QUIMICA I	TEORIA	LU 8-10	J3-182B	DURAND AGUILAR, KORALÍ CAROLINA
BQU01	D	QUIMICA I	TEORIA	MI 8-10	J3-222	DURAND AGUILAR, KORALÍ CAROLINA
BQU01	D	QUIMICA I	LABORATORIO	MA 10-12	LAB 12	SAYÁN RIVERA, ROSA MARÍA ELIZABETH
BQU01	E	QUIMICA I	TEORIA	MA 14-16	J3-182A	DURAND AGUILAR, KORALÍ CAROLINA
BQU01	E	QUIMICA I	TEORIA	MI 10-12	J3-252	DURAND AGUILAR, KORALÍ CAROLINA
BQU01	E	QUIMICA I	LABORATORIO	LU 8-10	LAB 12	DÁVILA INGARUCA, MARCELINO EUSEBIO
BQU01	F	QUIMICA I	TEORIA	MA 14-16	J3-182A	DURAND AGUILAR, KORALÍ CAROLINA
BQU01	F	QUIMICA I	TEORIA	MI 10-12	J3-252	DURAND AGUILAR, KORALÍ CAROLINA
BQU01	F	QUIMICA I	LABORATORIO	VI 10-12	LAB 12	FLORES GARCÉS, JOSÉ AUGUSTO
BQU01	G	QUIMICA I	TEORIA	JU 10-12	R1-440	LÓPEZ CISNEROS, ROSARIO CRISTINA
BQU01	G	QUIMICA I	TEORIA	VI 10-12	R1-440	LÓPEZ CISNEROS, ROSARIO CRISTINA
BQU01	G	QUIMICA I	LABORATORIO	MA 14-16	LAB 33C	FLORES GARCÉS, JOSÉ AUGUSTO
BQU01	H	QUIMICA I	TEORIA	JU 10-12	R1-440	LÓPEZ CISNEROS, ROSARIO CRISTINA
BQU01	H	QUIMICA I	TEORIA	VI 10-12	R1-440	LÓPEZ CISNEROS, ROSARIO CRISTINA
BQU01	H	QUIMICA I	LABORATORIO	MA 14-16	LAB 12	CARPIO DEZA, EDWARD ARSENIO
BQU01	I	QUIMICA I	TEORIA	LU 8-10	J3-242	MUEDAS TAIPE, GOLFER
BQU01	I	QUIMICA I	TEORIA	JU 10-12	J3-182A	MUEDAS TAIPE, GOLFER
BQU01	I	QUIMICA I	LABORATORIO	MA 10-12	LAB 33C	DURAND AGUILAR, KORALÍ CAROLINA
BQU01	J	QUIMICA I	TEORIA	LU 8-10	J3-242	MUEDAS TAIPE, GOLFER
BQU01	J	QUIMICA I	TEORIA	JU 10-12	J3-182A	MUEDAS TAIPE, GOLFER
BQU01	J	QUIMICA I	LABORATORIO	VI 14-16	LAB 33C	FLORES GARCÉS, JOSÉ AUGUSTO
BRC01	A	REDACCION Y COMUNICACION	TEORIA	MA 7-8	J3-162A	EVANGELISTA PADILLA, EVELIN KATTY
BRC01	A	REDACCION Y COMUNICACION	PRACTICA	MA 8-10	J3-152	EVANGELISTA PADILLA, EVELIN KATTY
BRC01	B	REDACCION Y COMUNICACION	TEORIA	MA 13-14	J3-252	EVANGELISTA PADILLA, EVELIN KATTY
BRC01	B	REDACCION Y COMUNICACION	PRACTICA	MA 14-16	J3-162A	EVANGELISTA PADILLA, EVELIN KATTY
BRC01	C	REDACCION Y COMUNICACION	TEORIA	LU 13-14	J3-162A	EVANGELISTA PADILLA, EVELIN KATTY
BRC01	C	REDACCION Y COMUNICACION	PRACTICA	LU 14-16	J3-162A	EVANGELISTA PADILLA, EVELIN KATTY
BRN01	A	REALIDAD NACIONAL, CONSTITUCION Y DERECHOS HUMANOS	TEORIA	MA 8-10	R3-209	MONTOYA ZAVALETA, MODESTO EDILBERTO
BRN01	A	REALIDAD NACIONAL, CONSTITUCION Y DERECHOS HUMANOS	PRACTICA	JU 8-10	R3-209	MONTOYA ZAVALETA, MODESTO EDILBERTO
BRN01	B	REALIDAD NACIONAL, CONSTITUCION Y DERECHOS HUMANOS	TEORIA	SA 8-10	R1-421	CLAVIJO RAMOS, RAÚL HUMBERTO
BRN01	B	REALIDAD NACIONAL, CONSTITUCION Y DERECHOS HUMANOS	PRACTICA	SA 10-12	R1-421	CLAVIJO RAMOS, RAÚL HUMBERTO
BRN01	C	REALIDAD NACIONAL, CONSTITUCION Y DERECHOS HUMANOS	TEORIA	MA 18-20	R1-401	VERA RONCALLA, CESAR ANIBAL
BRN01	C	REALIDAD NACIONAL, CONSTITUCION Y DERECHOS HUMANOS	PRACTICA	MA 20-22	R1-401	VERA RONCALLA, CESAR ANIBAL
BRN01	D	REALIDAD NACIONAL, CONSTITUCION Y DERECHOS HUMANOS	TEORIA	VI 16-18	J3-162A	CCANRE SALAZAR, POLICARPO
BRN01	D	REALIDAD NACIONAL, CONSTITUCION Y DERECHOS HUMANOS	PRACTICA	VI 18-20	J3-162A	CCANRE SALAZAR, POLICARPO
BRN01	E	REALIDAD NACIONAL, CONSTITUCION Y DERECHOS HUMANOS	TEORIA	JU 16-18	J3-222	CCANRE SALAZAR, POLICARPO
BRN01	E	REALIDAD NACIONAL, CONSTITUCION Y DERECHOS HUMANOS	PRACTICA	JU 18-20	J3-222	CCANRE SALAZAR, POLICARPO
CC0A2	A	PROGRAMACION DE DISPOSITIVOS MOVILES	TEORIA	VI 11-13	SALA 4	HUAROTE ZEGARRA, RAÚL EDUARDO
CC0A2	A	PROGRAMACION DE DISPOSITIVOS MOVILES	LABORATORIO	MA 18-22	SALA 3	HUAROTE ZEGARRA, RAÚL EDUARDO
CC0C2	A	PROCESAMIENTO DEL LENGUAJE NATURAL	TEORIA	JU 16-18	SALA 4	LARA ÁVILA, CÉSAR
CC0C2	A	PROCESAMIENTO DEL LENGUAJE NATURAL	LABORATORIO	SA 14-18	SALA 5	LARA ÁVILA, CÉSAR
CC0E5	A	ALGORITMOS Y ESTRUCTURAS DE DATOS AVANZADOS	TEORIA	MI 10-12	SALA 1	CUADROS VARGAS, ERNESTO
CC0E5	A	ALGORITMOS Y ESTRUCTURAS DE DATOS AVANZADOS	LABORATORIO	MA 8-10	SALA 4	CUADROS VARGAS, ERNESTO
CC0E5	A	ALGORITMOS Y ESTRUCTURAS DE DATOS AVANZADOS	LABORATORIO	MA 18-20	SALA 4	CUADROS VARGAS, ERNESTO
CC0F3	A	BIOLOGIA COMPUTACIONAL	TEORIA	SA 7-11	SALA 2	SEGOVIA JUAREZ, JOSE LUIS
CC0F3	A	BIOLOGIA COMPUTACIONAL	LABORATORIO	SA 11-13	SALA 2	SEGOVIA JUAREZ, JOSE LUIS
CC0F7	A	TOPICOS DE CIENCIA DE LA COMPUTACION IV	TEORIA	SA 10-13	R3-123C	MARTINEZ CHUNGA, RONALD RICARDO
CC0F7	A	TOPICOS DE CIENCIA DE LA COMPUTACION IV	LABORATORIO	MI 14-17	SALA 2	MARTINEZ CHUNGA, RONALD RICARDO
CC0S2	A	MODELAMIENTO Y SIMULACION	TEORIA	MI 19-21	SALA 2	NAVARRO HUAMANÍ, LUIS ALBERTO
CC0S2	A	MODELAMIENTO Y SIMULACION	LABORATORIO	SA 15-19	SALA 2	NAVARRO HUAMANÍ, LUIS ALBERTO
CC112	A	FUNDAMENTOS DE PROGRAMACION	TEORIA	MI 16-18	SALA 3	CHULLUNCUY REYNOSO, AMERICO ANDRES
CC112	A	FUNDAMENTOS DE PROGRAMACION	LABORATORIO	MA 14-18	SALA 1	CHULLUNCUY REYNOSO, AMERICO ANDRES
CC112	B	FUNDAMENTOS DE PROGRAMACION	TEORIA	MI 14-16	SALA 3	CUADROS VARGAS, ERNESTO
CC112	B	FUNDAMENTOS DE PROGRAMACION	LABORATORIO	MA 14-18	SALA 5	CUADROS VARGAS, ERNESTO
CC112	C	FUNDAMENTOS DE PROGRAMACION	TEORIA	VI 11-13	SALA 3	LÓPEZ VILLANUEVA, PABLO EDWIN
CC112	C	FUNDAMENTOS DE PROGRAMACION	LABORATORIO	MA 14-18	SALA 3	LÓPEZ VILLANUEVA, PABLO EDWIN
CC112	D	FUNDAMENTOS DE PROGRAMACION	TEORIA	VI 11-13	SALA 2	DÍAZ DOMÍNGUEZ, CARLOS MANUEL
CC112	D	FUNDAMENTOS DE PROGRAMACION	LABORATORIO	MA 14-18	SALA 4	DÍAZ DOMÍNGUEZ, CARLOS MANUEL
CC112	E	FUNDAMENTOS DE PROGRAMACION	TEORIA	JU 16-18	SALA 1	MONTALVO GARCÍA, PETER JONATHAN
CC112	E	FUNDAMENTOS DE PROGRAMACION	LABORATORIO	MA 14-18	SALA 2	ROCA GALINDO, LUIS RODOLFO
CC202	A	BASE DE DATOS	TEORIA	MA 7-10	SALA 1	MELCHOR ESPINOZA, VICTOR
CC202	A	BASE DE DATOS	LABORATORIO	MI 18-21	SALA 4	MELCHOR ESPINOZA, VICTOR
CC211	A	PROGRAMACION ORIENTADA A OBJETOS	TEORIA	LU 7-9	SALA 3	BAZÁN CABANILLAS, CARLOS ALBERTO
CC211	A	PROGRAMACION ORIENTADA A OBJETOS	PRACTICA	LU 9-10	SALA 3	BAZÁN CABANILLAS, CARLOS ALBERTO
CC211	A	PROGRAMACION ORIENTADA A OBJETOS	LABORATORIO	VI 8-11	SALA 2	BAZÁN CABANILLAS, CARLOS ALBERTO
CC221	A	ARQUITECTURA DE COMPUTADORES	TEORIA	MA 18-21	SALA 5	ROJAS MALASQUEZ, ROYER EDELWER
CC221	A	ARQUITECTURA DE COMPUTADORES	LABORATORIO	JU 19-22	zoom21	ROJAS MALASQUEZ, ROYER EDELWER
CC222	A	SISTEMAS OPERATIVOS	TEORIA	JU 7-10	SALA 1	BAZÁN CABANILLAS, CARLOS ALBERTO
CC222	A	SISTEMAS OPERATIVOS	LABORATORIO	JU 10-13	SALA 5	BAZÁN CABANILLAS, CARLOS ALBERTO
CC232	A	ALGORITMOS Y ESTRUCTURAS DE DATOS	TEORIA	LU 7-10	SALA 5	LARA ÁVILA, CÉSAR
CC232	A	ALGORITMOS Y ESTRUCTURAS DE DATOS	LABORATORIO	VI 8-11	SALA 3	LARA ÁVILA, CÉSAR
CC311	A	COMPUTACION CENTRADA EN REDES	TEORIA	SA 7-10	SALA 5	MARTINEZ CHUNGA, RONALD RICARDO
CC311	A	COMPUTACION CENTRADA EN REDES	LABORATORIO	MI 17-20	SALA 5	MARTINEZ CHUNGA, RONALD RICARDO
CC312	A	ADMINISTRACION DE REDES	TEORIA	JU 10-12	SALA 3	CCOICCA PACASI, YURI JAVIER
CC312	A	ADMINISTRACION DE REDES	LABORATORIO	SA 10-14	SALA 5	CCOICCA PACASI, YURI JAVIER
CC321	A	TEORIA DE AUTOMATAS, LENGUAJES Y COMPUTACION	TEORIA	LU 7-10	SALA 4	MELCHOR ESPINOZA, VICTOR
CC321	A	TEORIA DE AUTOMATAS, LENGUAJES Y COMPUTACION	LABORATORIO	VI 13-16	SALA 3	MELCHOR ESPINOZA, VICTOR
CC332	A	PROGRAMACION PARALELA	TEORIA	LU 8-11	SALA 2	HUAROTE ZEGARRA, RAÚL EDUARDO
CC332	A	PROGRAMACION PARALELA	LABORATORIO	MA 8-11	SALA 5	HUAROTE ZEGARRA, RAÚL EDUARDO
CC341	A	INGENIERIA DE SOFTWARE	TEORIA	MI 7-10	SALA 1	MAMANI RODRIGUEZ, ZORAIDA EMPERATRIZ
CC341	A	INGENIERIA DE SOFTWARE	LABORATORIO	MA 7-10	SALA 3	MAMANI RODRIGUEZ, ZORAIDA EMPERATRIZ
CC371	A	ANALISIS Y DISEÑO DE ALGORITMOS	TEORIA	LU 14-17	SALA 4	OSORIO UBALDO, JAIME
CC371	A	ANALISIS Y DISEÑO DE ALGORITMOS	LABORATORIO	JU 10-13	SALA 4	OSORIO UBALDO, JAIME
CC3M2	A	MATEMATICA COMPUTACIONAL	TEORIA	MI 14-17	SALA 5	OSORIO UBALDO, JAIME
CC3M2	A	MATEMATICA COMPUTACIONAL	PRACTICA	LU 17-20	SALA 4	OSORIO UBALDO, JAIME
CC3S2	A	DESARROLLO DE SOFTWARE	TEORIA	VI 8-11	SALA 4	QUISPE TORRES, MANUEL ALEJANDRO
CC3S2	A	DESARROLLO DE SOFTWARE	LABORATORIO	MI 10-13	SALA 5	QUISPE TORRES, MANUEL ALEJANDRO
CC3S2	B	DESARROLLO DE SOFTWARE	TEORIA	VI 8-11	SALA 5	MAMANI RODRIGUEZ, ZORAIDA EMPERATRIZ
CC3S2	B	DESARROLLO DE SOFTWARE	LABORATORIO	MI 10-13	SALA 4	MAMANI RODRIGUEZ, ZORAIDA EMPERATRIZ
CC411	A	SEGURIDAD EN SISTEMAS INFORMATICOS	TEORIA	VI 16-19	SALA 5	QUISPE TORRES, MANUEL ALEJANDRO
CC411	A	SEGURIDAD EN SISTEMAS INFORMATICOS	LABORATORIO	SA 15-18	SALA 4	QUISPE TORRES, MANUEL ALEJANDRO
CC412	A	PROYECTO DE TESIS I	PRACTICA	SA 10-12	R1-268	QUISPE TORRES, MANUEL ALEJANDRO
CC412	B	PROYECTO DE TESIS I	PRACTICA	SA 8-10	R8-674	CHULLUNCUY REYNOSO, AMERICO ANDRES
CC412	C	PROYECTO DE TESIS I	PRACTICA	SA 14-16	R9-003	CUADROS VARGAS, ERNESTO
CC421	A	INTELIGENCIA ARTIFICIAL	TEORIA	LU 10-13	SALA 5	ALANIA VICENTE, MARCOS ANTONIO
CC421	A	INTELIGENCIA ARTIFICIAL	LABORATORIO	MI 17-20	J3-182B	ALANIA VICENTE, MARCOS ANTONIO
CC422	A	INFRAESTRUCTURAS DE COMPUTACION	TEORIA	LU 8-11	SALA 1	CCOICCA PACASI, YURI JAVIER
CC422	A	INFRAESTRUCTURAS DE COMPUTACION	LABORATORIO	SA 7-10	SALA 3	CCOICCA PACASI, YURI JAVIER
CC431	A	COMPUTACION GRAFICA	TEORIA	JU 19-21	SALA 5	MONTALVO GARCÍA, PETER JONATHAN
CC431	A	COMPUTACION GRAFICA	LABORATORIO	VI 11-13	SALA 5	MONTALVO GARCÍA, PETER JONATHAN
CC431	A	COMPUTACION GRAFICA	LABORATORIO	VI 14-16	SALA 5	MONTALVO GARCÍA, PETER JONATHAN
CC432	A	ROBOTICA	TEORIA	MA 18-21	SALA 2	DÍAZ DOMÍNGUEZ, CARLOS MANUEL
CC432	A	ROBOTICA	LABORATORIO	VI 16-19	SALA 4	ROJAS MALASQUEZ, ROYER EDELWER
CC442	A	MINERIA DE DATOS	TEORIA	MI 8-10	CTIC	ALANIA VICENTE, MARCOS ANTONIO
CC442	A	MINERIA DE DATOS	LABORATORIO	LU 14-18	SALA 5	ALANIA VICENTE, MARCOS ANTONIO
CC451	A	INTERACCION HUMANO-COMPUTADOR	TEORIA	LU 14-17	SALA 2	NÚÑEZ ITURRI, CIRO JAVIER
CC451	A	INTERACCION HUMANO-COMPUTADOR	LABORATORIO	MI 14-17	SALA 4	NÚÑEZ ITURRI, CIRO JAVIER
CC4H1	A	METODOLOGIA DE LA INVESTIGACION	TEORIA	SA 7-8	R1-125A	MEJÍA SÁNCHEZ, MILUSSJA IVETTE
CC4H1	A	METODOLOGIA DE LA INVESTIGACION	PRACTICA	SA 8-10	R1-125A	MEJÍA SÁNCHEZ, MILUSSJA IVETTE
CC4H1	B	METODOLOGIA DE LA INVESTIGACION	TEORIA	SA 11-12	R1-125A	MEJÍA SÁNCHEZ, MILUSSJA IVETTE
CC4H1	B	METODOLOGIA DE LA INVESTIGACION	PRACTICA	SA 12-14	R1-125A	MEJÍA SÁNCHEZ, MILUSSJA IVETTE
CC4P1	A	PROGRAMACION CONCURRENTE Y DISTRIBUIDA	TEORIA	JU 16-19	SALA 5	NÚÑEZ MEDRANO, YURI
CC4P1	A	PROGRAMACION CONCURRENTE Y DISTRIBUIDA	LABORATORIO	LU 16-19	SALA 3	NÚÑEZ MEDRANO, YURI
CC511	A	PROYECTO DE TESIS II	PRACTICA	SA 6-8	R9-270	CHULLUNCUY REYNOSO, AMERICO ANDRES
CC511	B	PROYECTO DE TESIS II	PRACTICA	DO 10-12	R9-280	ALANIA VICENTE, MARCOS ANTONIO
CC511	C	PROYECTO DE TESIS II	PRACTICA	DO 12-14	R9-002	CUADROS VARGAS, ERNESTO
CC511	D	PROYECTO DE TESIS II	PRACTICA	DO 6-8	R9-259	CCOICCA PACASI, YURI JAVIER
CC521	A	PROGRAMACION EVOLUTIVA	TEORIA	JU 18-21	SALA 2	NAVARRO HUAMANÍ, LUIS ALBERTO
CC521	A	PROGRAMACION EVOLUTIVA	LABORATORIO	SA 10-13	SALA 3	NAVARRO HUAMANÍ, LUIS ALBERTO
CC531	A	ANALISIS EN MACRODATOS	TEORIA	MA 18-21	zoom21	YAURI LOZANO, EDUARDO
CC531	A	ANALISIS EN MACRODATOS	LABORATORIO	MI 18-21	SALA 3	YAURI LOZANO, EDUARDO
CC5T3	A	TALLER DE INVESTIGACION	PRACTICA	DO 20-22	R11-687	CCOICCA PACASI, YURI JAVIER
CC5T3	B	TALLER DE INVESTIGACION	PRACTICA	SA 16-18	R4-987	ALANIA VICENTE, MARCOS ANTONIO
CC5T3	C	TALLER DE INVESTIGACION	PRACTICA	DO 15-17	R6-257	SOLANO SALINAS, CARLOS JAVIER
CF046	A	INTRODUCCION A LA ASTRONOMIA	TEORIA	JU 10-12	R1-401	ZEVALLOS HERENCIA, MARIA ISELA
CF046	A	INTRODUCCION A LA ASTRONOMIA	TEORIA	MA 14-16	R1-401	ZEVALLOS HERENCIA, MARIA ISELA
CF046	A	INTRODUCCION A LA ASTRONOMIA	LABORATORIO	LU 14-18	J3-142	ZEVALLOS HERENCIA, MARIA ISELA
CF050	A	RELATIVIDAD GENERAL	TEORIA	LU 14-16	R3-209	SOTO BARRIENTOS, DANIEL EDUARDO
CF050	A	RELATIVIDAD GENERAL	TEORIA	MI 14-16	R1-401	SOTO BARRIENTOS, DANIEL EDUARDO
CF050	A	RELATIVIDAD GENERAL	TEORIA	JU 14-16	R1-411	SOTO BARRIENTOS, DANIEL EDUARDO
CF050	A	RELATIVIDAD GENERAL	PRACTICA	MI 16-18	R3-123C	SOTO BARRIENTOS, DANIEL EDUARDO
CF057	A	TOPICOS DE OPTICA	TEORIA	MA 8-10	LAB FA	VALERA PALACIOS, ANIBAL ABEL
CF057	A	TOPICOS DE OPTICA	LABORATORIO	MA 10-12	LAB FA	VALERA PALACIOS, ANIBAL ABEL
CF057	A	TOPICOS DE OPTICA	LABORATORIO	JU 8-12	LAB FA	VALERA PALACIOS, ANIBAL ABEL
CF077	A	INTRODUCCION A LA TEORIA ELECTRODEBIL	TEORIA	LU 10-12	R1-411	DÍAZ CHAVEZ, HENRY JOSÉ
CF077	A	INTRODUCCION A LA TEORIA ELECTRODEBIL	TEORIA	MI 10-12	R1-460	DÍAZ CHAVEZ, HENRY JOSÉ
CF077	A	INTRODUCCION A LA TEORIA ELECTRODEBIL	PRACTICA	VI 14-16	R3-209	DÍAZ CHAVEZ, HENRY JOSÉ
CF1B2	A	FISICA II	TEORIA	LU 10-12	R1-421	BROCCA POBES, MANUEL ENRIQUE
CF1B2	A	FISICA II	TEORIA	MI 10-12	R1-421	BROCCA POBES, MANUEL ENRIQUE
CF1B2	A	FISICA II	PRACTICA	VI 8-10	R1-440	CORTEZ REYES, GREGORIO CUSTODIO
CF1B2	A	FISICA II	LABORATORIO	VI 14-17	LAB2 F	CORTEZ REYES, GREGORIO CUSTODIO
CF1B2	B	FISICA II	TEORIA	MA 8-10	R1-430	VIDALÓN VIDALÓN, EDGARD
CF1B2	B	FISICA II	TEORIA	JU 8-10	R1-421	VIDALÓN VIDALÓN, EDGARD
CF1B2	B	FISICA II	PRACTICA	VI 8-10	R1-401	SALAZAR RODRÍGUEZ, ROBERTO
CF1B2	B	FISICA II	LABORATORIO	MA 13-16	LAB2 F	SILVA VASQUEZ HUMBERTO MARTIN
CF1C2	A	ALGEBRA LINEAL PARA FISICOS I	TEORIA	MA 10-12	J3-222	PAREDES CARLOS, ÁNGEL JUVENCIO
CF1C2	A	ALGEBRA LINEAL PARA FISICOS I	TEORIA	JU 10-12	J3-222	PAREDES CARLOS, ÁNGEL JUVENCIO
CF1C2	A	ALGEBRA LINEAL PARA FISICOS I	PRACTICA	MI 7-10	J3-182A	ZEGARRA BORRERO, ANTONIO FEDERICO
CF2B1	A	FISICA III	TEORIA	LU 8-10	R1-125A	BROCCA POBES, MANUEL ENRIQUE
CF2B1	A	FISICA III	TEORIA	MI 8-10	R1-125A	BROCCA POBES, MANUEL ENRIQUE
CF2B1	A	FISICA III	PRACTICA	VI 10-12	J3-162A	SALAZAR RODRÍGUEZ, ROBERTO
CF2B1	A	FISICA III	LABORATORIO	JU 16-19	LAB3 F	SALAZAR RODRÍGUEZ, ROBERTO
CF2B1	B	FISICA III	TEORIA	LU 10-12	R1-125A	CUSTODIO FERNANDEZ, SANTIAGO ROSSEVELT
CF2B1	B	FISICA III	TEORIA	MI 10-12	R1-125A	CUSTODIO FERNANDEZ, SANTIAGO ROSSEVELT
CF2B1	B	FISICA III	PRACTICA	VI 10-12	J3-162B	CORTEZ REYES, GREGORIO CUSTODIO
CF2B1	B	FISICA III	LABORATORIO	MA 16-19	LAB3 F	SILVA VASQUEZ HUMBERTO MARTIN
CF2B2	A	OPTICA CLASICA	TEORIA	LU 14-16	R1-450	EYZAGUIRRE GORVENIA, CARMEN ROSA
CF2B2	A	OPTICA CLASICA	TEORIA	MI 14-16	R1-430	EYZAGUIRRE GORVENIA, CARMEN ROSA
CF2B2	A	OPTICA CLASICA	PRACTICA	VI 10-12	J3-242	ORCCOHUARANCCA NINA, AMÉRICO
CF2B2	A	OPTICA CLASICA	LABORATORIO	MA 10-13	LAB F	ORCCOHUARANCCA NINA, AMÉRICO
CF2B2	B	OPTICA CLASICA	TEORIA	MI 14-16	R1-411	CASTROMONTE FLORES, CÉSAR MANUEL
CF2B2	B	OPTICA CLASICA	TEORIA	VI 14-16	R1-440	CASTROMONTE FLORES, CÉSAR MANUEL
CF2B2	B	OPTICA CLASICA	PRACTICA	VI 10-12	J3-222	SALAZAR RODRÍGUEZ, ROBERTO
CF2B2	B	OPTICA CLASICA	LABORATORIO	LU 13-16	LAB F	SALAZAR RODRÍGUEZ, ROBERTO
CF2C1	A	ALGEBRA LINEAL PARA FISICOS II	TEORIA	MA 16-18	R1-125A	PAREDES CABREL, ALEJANDRO DANIEL
CF2C1	A	ALGEBRA LINEAL PARA FISICOS II	TEORIA	VI 16-18	R1-421	PAREDES CABREL, ALEJANDRO DANIEL
CF2C1	A	ALGEBRA LINEAL PARA FISICOS II	PRACTICA	LU 16-19	J3-232	PAREDES CABREL, ALEJANDRO DANIEL
CF2C2	A	METODOS MATEMATICOS PARA FISICOS I	TEORIA	LU 8-10	J3-222	DÍAZ CHAVEZ, HENRY JOSÉ
CF2C2	A	METODOS MATEMATICOS PARA FISICOS I	TEORIA	MI 8-10	J3-232	DÍAZ CHAVEZ, HENRY JOSÉ
CF2C2	A	METODOS MATEMATICOS PARA FISICOS I	TEORIA	VI 8-10	R1-421	DÍAZ CHAVEZ, HENRY JOSÉ
CF2C2	A	METODOS MATEMATICOS PARA FISICOS I	PRACTICA	MA 14-17	J3-222	RIVERA GAMBINI, GUILLERMO GERARDO
CF3C1	A	METODOS MATEMATICOS PARA FISICOS II	TEORIA	LU 10-12	R1-460	LORO RAMIREZ, HÉCTOR RAÚL
CF3C1	A	METODOS MATEMATICOS PARA FISICOS II	TEORIA	MI 10-12	R3-123C	LORO RAMIREZ, HÉCTOR RAÚL
CF3C1	A	METODOS MATEMATICOS PARA FISICOS II	TEORIA	VI 10-12	R3-123C	LORO RAMIREZ, HÉCTOR RAÚL
CF3C1	A	METODOS MATEMATICOS PARA FISICOS II	PRACTICA	JU 16-19	R1-440	CUSTODIO FERNANDEZ, SANTIAGO ROSSEVELT
CF3E1	A	CIRCUITOS ELECTRONICOS ANALOGICOS	LABORATORIO	MA 8-12	R2-305	PUGA CORREA, RUBÉN CIRO
CF3E1	A	CIRCUITOS ELECTRONICOS ANALOGICOS	LABORATORIO	JU 8-12	R2-305	PUGA CORREA, RUBÉN CIRO
CF3E1	B	CIRCUITOS ELECTRONICOS ANALOGICOS	LABORATORIO	MA 14-18	R2-323	RIVERA ASCONA, CHRISTIAN
CF3E1	B	CIRCUITOS ELECTRONICOS ANALOGICOS	LABORATORIO	VI 14-18	R2-323	RIVERA ASCONA, CHRISTIAN
CF3F1	A	MECANICA CLASICA	TEORIA	LU 8-10	J3-252	TELLO GALVEZ, JULIO CÉSAR
CF3F1	A	MECANICA CLASICA	TEORIA	MI 8-10	J3-252	TELLO GALVEZ, JULIO CÉSAR
CF3F1	A	MECANICA CLASICA	TEORIA	VI 8-10	J3-242	TELLO GALVEZ, JULIO CÉSAR
CF3F1	A	MECANICA CLASICA	PRACTICA	MA 13-16	J3-232	VIDALÓN VIDALÓN, EDGARD
CF3F2	A	MECANICA CUANTICA I	TEORIA	MA 10-12	R1-411	PEREYRA RAVINEZ, ORLANDO LUIS
CF3F2	A	MECANICA CUANTICA I	TEORIA	JU 10-12	R1-421	PEREYRA RAVINEZ, ORLANDO LUIS
CF3F2	A	MECANICA CUANTICA I	PRACTICA	MI 16-20	R1-411	RIVERA GAMBINI, GUILLERMO GERARDO
CF3F3	A	FISICA MODERNA	TEORIA	LU 14-16	R1-430	RIVERA GAMBINI, GUILLERMO GERARDO
CF3F3	A	FISICA MODERNA	TEORIA	MI 14-16	R1-421	RIVERA GAMBINI, GUILLERMO GERARDO
CF3F3	A	FISICA MODERNA	PRACTICA	VI 15-18	J3-242	SILVA VASQUEZ HUMBERTO MARTIN
CF3F4	A	ELECTROMAGNETISMO I	TEORIA	LU 8-10	R1-215	OCHOA JIMENEZ, ROSENDO
CF3F4	A	ELECTROMAGNETISMO I	TEORIA	MA 8-10	R1-450	OCHOA JIMENEZ, ROSENDO
CF3F4	A	ELECTROMAGNETISMO I	TEORIA	JU 8-10	R1-440	OCHOA JIMENEZ, ROSENDO
CF3F4	A	ELECTROMAGNETISMO I	PRACTICA	LU 14-18	R1-460	LOPEZ GONZALES, ALEJANDRO HEYNER
CF4D2	A	PROYECTO DE TESIS I	PRACTICA	DO 8-10	R10-261	SOTO BARRIENTOS, DANIEL EDUARDO
CF4D2	A	PROYECTO DE TESIS I	PRACTICA	DO 8-10	R10-261	CASTILLO OCAÑA, GUIDO JUVENAL
CF4D2	A	PROYECTO DE TESIS I	PRACTICA	DO 8-10	R10-261	LORO RAMIREZ, HÉCTOR RAÚL
CF4D2	A	PROYECTO DE TESIS I	PRACTICA	DO 8-10	R10-261	LOPEZ GONZALES, ALEJANDRO HEYNER
CF4E1	A	LABORATORIO DE FISICA INTERMEDIA	TEORIA	MA 8-9	LAB FI	PUJADA BERMUDEZ, BRAULIO RAFAEL
CF4E1	A	LABORATORIO DE FISICA INTERMEDIA	LABORATORIO	MA 9-12	LAB FI	PUJADA BERMUDEZ, BRAULIO RAFAEL
CF4E1	A	LABORATORIO DE FISICA INTERMEDIA	LABORATORIO	JU 8-12	LAB FI	PUJADA BERMUDEZ, BRAULIO RAFAEL
CF4E1	B	LABORATORIO DE FISICA INTERMEDIA	TEORIA	MI 8-9	LAB FI	EYZAGUIRRE GORVENIA, CARMEN ROSA
CF4E1	B	LABORATORIO DE FISICA INTERMEDIA	LABORATORIO	MI 9-12	LAB FI	EYZAGUIRRE GORVENIA, CARMEN ROSA
CF4E1	B	LABORATORIO DE FISICA INTERMEDIA	LABORATORIO	VI 8-12	LAB FI	EYZAGUIRRE GORVENIA, CARMEN ROSA
CF4E2	A	LABORATORIO DE FISICA AVANZADA	TEORIA	LU 8-10	LAB FA	VALERA PALACIOS, ANIBAL ABEL
CF4E2	A	LABORATORIO DE FISICA AVANZADA	LABORATORIO	LU 10-12	LAB FA	VALERA PALACIOS, ANIBAL ABEL
CF4E2	A	LABORATORIO DE FISICA AVANZADA	LABORATORIO	MI 8-12	LAB FA	VALERA PALACIOS, ANIBAL ABEL
CF4E2	B	LABORATORIO DE FISICA AVANZADA	TEORIA	LU 8-10	LAB FA	PUGA CORREA, RUBÉN CIRO
CF4E2	B	LABORATORIO DE FISICA AVANZADA	LABORATORIO	LU 10-12	LAB FA	PUGA CORREA, RUBÉN CIRO
CF4E2	B	LABORATORIO DE FISICA AVANZADA	LABORATORIO	MI 10-14	LAB FA	PUGA CORREA, RUBÉN CIRO
CF4F1	A	TERMODINAMICA Y MECANICA ESTADISTICA	TEORIA	LU 8-10	R3-123C	SOTO BARRIENTOS, DANIEL EDUARDO
CF4F1	A	TERMODINAMICA Y MECANICA ESTADISTICA	TEORIA	MI 8-10	R3-123C	SOTO BARRIENTOS, DANIEL EDUARDO
CF4F1	A	TERMODINAMICA Y MECANICA ESTADISTICA	TEORIA	VI 8-10	R3-123C	SOTO BARRIENTOS, DANIEL EDUARDO
CF4F1	A	TERMODINAMICA Y MECANICA ESTADISTICA	PRACTICA	MA 14-18	R3-209	ZEGARRA BORRERO, ANTONIO FEDERICO
CF4F2	A	FISICA ATOMICA Y MOLECULAR	TEORIA	LU 16-18	J3-162A	BELTRÁN RAMÍREZ, JHOSEP VICTORINO
CF4F2	A	FISICA ATOMICA Y MOLECULAR	TEORIA	JU 16-18	R3-123B	BELTRÁN RAMÍREZ, JHOSEP VICTORINO
CF4F2	A	FISICA ATOMICA Y MOLECULAR	PRACTICA	VI 14-17	J3-152	ZEGARRA BORRERO, ANTONIO FEDERICO
CF4F3	A	MECANICA CUANTICA II	TEORIA	MI 10-12	R1-450	CASTILLO RUIZ, OSCAR EDUARDO
CF4F3	A	MECANICA CUANTICA II	TEORIA	VI 10-12	R1-460	CASTILLO RUIZ, OSCAR EDUARDO
CF4F3	A	MECANICA CUANTICA II	PRACTICA	VI 14-18	J3-162B	BELTRÁN RAMÍREZ, JHOSEP VICTORINO
CF5D1	A	PROYECTO DE TESIS II	PRACTICA	DO 10-12	R9-261	RUEDA RÁEZ, LUIS DANIEL
CF5D1	A	PROYECTO DE TESIS II	PRACTICA	DO 10-12	R9-261	PUJADA BERMUDEZ, BRAULIO RAFAEL
CF5D1	A	PROYECTO DE TESIS II	PRACTICA	DO 10-12	R9-261	LEÓN HILARIO, LUDWIN MISAEL
CF5D1	A	PROYECTO DE TESIS II	PRACTICA	DO 10-12	R9-261	VIDALÓN VIDALÓN, EDGARD
CF5D1	A	PROYECTO DE TESIS II	PRACTICA	DO 10-12	R9-261	PEREYRA RAVINEZ, ORLANDO LUIS
CF5F1	A	FISICA DEL ESTADO SOLIDO I	TEORIA	LU 16-18	R1-421	LEÓN HILARIO, LUDWIN MISAEL
CF5F1	A	FISICA DEL ESTADO SOLIDO I	TEORIA	MI 16-18	R1-401	LEÓN HILARIO, LUDWIN MISAEL
CF5F1	A	FISICA DEL ESTADO SOLIDO I	PRACTICA	VI 16-20	R1-411	CUSTODIO FERNANDEZ, SANTIAGO ROSSEVELT
CF5F3	A	FISICA NUCLEAR Y DE PARTICULAS	TEORIA	LU 18-20	R1-430	AMORETTI VIDAL, JESÚS ESTEBAN
CF5F3	A	FISICA NUCLEAR Y DE PARTICULAS	TEORIA	MA 18-20	R3-123B	AMORETTI VIDAL, JESÚS ESTEBAN
CF5F3	A	FISICA NUCLEAR Y DE PARTICULAS	TEORIA	JU 18-20	R3-123C	AMORETTI VIDAL, JESÚS ESTEBAN
CF5F3	A	FISICA NUCLEAR Y DE PARTICULAS	PRACTICA	MI 18-21	R3-123C	LOPEZ GONZALES, ALEJANDRO HEYNER
CF5T3	A	TALLER DE INVESTIGACION	PRACTICA	DO 16-18	R2-266	OCHOA JIMENEZ, ROSENDO
CF5T3	A	TALLER DE INVESTIGACION	PRACTICA	DO 16-18	R2-266	TELLO GALVEZ, JULIO CÉSAR
CF5T3	A	TALLER DE INVESTIGACION	PRACTICA	DO 16-18	R2-266	CASTROMONTE FLORES, CÉSAR MANUEL
CF5T3	A	TALLER DE INVESTIGACION	PRACTICA	DO 16-18	R2-266	LORO RAMIREZ, HÉCTOR RAÚL
CF5T3	A	TALLER DE INVESTIGACION	PRACTICA	DO 16-18	R2-266	RIVERA GAMBINI, GUILLERMO GERARDO
CF5T3	A	TALLER DE INVESTIGACION	PRACTICA	DO 16-18	R2-266	PUJADA BERMUDEZ, BRAULIO RAFAEL
CF5T3	A	TALLER DE INVESTIGACION	PRACTICA	DO 16-18	R2-266	ONCEBAY SEGURA, CHARLIE OSCAR
CH033	A	METODOLOGIA DE LA INVESTIGACION CIENTIFICA	TEORIA	SA 7-8	R1-125A	MEJÍA SÁNCHEZ, MILUSSJA IVETTE
CH033	A	METODOLOGIA DE LA INVESTIGACION CIENTIFICA	PRACTICA	SA 8-10	R1-125A	MEJÍA SÁNCHEZ, MILUSSJA IVETTE
CH033	B	METODOLOGIA DE LA INVESTIGACION CIENTIFICA	TEORIA	SA 11-12	R1-125A	MEJÍA SÁNCHEZ, MILUSSJA IVETTE
CH033	B	METODOLOGIA DE LA INVESTIGACION CIENTIFICA	PRACTICA	SA 12-14	R1-125A	MEJÍA SÁNCHEZ, MILUSSJA IVETTE
CH061	A	BIOLOGIA	TEORIA	MA 8-10	R3-123C	PÉREZ TOMA, LUZ AGUEDA
CH061	A	BIOLOGIA	LABORATORIO	MA 10-12	LAB 33R1	PÉREZ TOMA, LUZ AGUEDA
CH061	B	BIOLOGIA	TEORIA	MA 8-10	R3-123C	PÉREZ TOMA, LUZ AGUEDA
CH061	B	BIOLOGIA	LABORATORIO	MA 14-16	LAB 33R1	PÉREZ TOMA, LUZ AGUEDA
CL002	A	INGLES I	TEORIA	LU 14-16	SALA 3	CCAHUANCAMA TRUJILLO, CYNTIA VICTORIA
CL002	A	INGLES I	PRACTICA	MI 12-14	SALA 1	CCAHUANCAMA TRUJILLO, CYNTIA VICTORIA
CL002	B	INGLES I	TEORIA	JU 14-16	SALA 3	CCAHUANCAMA TRUJILLO, CYNTIA VICTORIA
CL002	B	INGLES I	PRACTICA	LU 12-14	SALA 3	CCAHUANCAMA TRUJILLO, CYNTIA VICTORIA
CL002	C	INGLES I	TEORIA	MI 14-16	R1-460	CCAHUANCAMA TRUJILLO, CYNTIA VICTORIA
CL002	C	INGLES I	PRACTICA	JU 12-14	SALA 3	CCAHUANCAMA TRUJILLO, CYNTIA VICTORIA
CM0A2	A	ECUACIONES DIFERENCIALES ESTOCASTICAS	TEORIA	LU 18-20	R1-460	ECHEGARAY CASTILLO, WILLIAM CARLOS
CM0A2	A	ECUACIONES DIFERENCIALES ESTOCASTICAS	TEORIA	MA 18-20	R1-430	ECHEGARAY CASTILLO, WILLIAM CARLOS
CM0A2	A	ECUACIONES DIFERENCIALES ESTOCASTICAS	PRACTICA	JU 18-20	R1-430	MAYTA GUILLERMO, JORGE ENRIQUE
CM0D8	A	TEORIA ANALITICA DE NUMEROS	TEORIA	MA 14-16	R1-240A	VELÁSQUEZ CASTAÑÓN, OSWALDO JOSÉ
CM0D8	A	TEORIA ANALITICA DE NUMEROS	TEORIA	JU 14-16	R1-240B	VELÁSQUEZ CASTAÑÓN, OSWALDO JOSÉ
CM0D8	A	TEORIA ANALITICA DE NUMEROS	PRACTICA	JU 18-20	R1-411	SALINAS ZAVALA, CHRISTOPER JESUS
CM008	A	GEOMETRIA DIFERENCIAL	TEORIA	MA 8-10	J3-162A	ABANTO SILVA, DIMAS PERCY
CM008	A	GEOMETRIA DIFERENCIAL	TEORIA	JU 8-10	J3-152	ABANTO SILVA, DIMAS PERCY
CM008	A	GEOMETRIA DIFERENCIAL	PRACTICA	VI 14-16	R1-250B	ABANTO SILVA, DIMAS PERCY
CM032	A	METODOS NUMERICOS PARA ECUACIONES DIFERENCIALES PARCIALES	TEORIA	LU 16-18	R1-250A	JARA HUANCA, FIDEL
CM032	A	METODOS NUMERICOS PARA ECUACIONES DIFERENCIALES PARCIALES	TEORIA	MI 17-19	SALA 2	JARA HUANCA, FIDEL
CM032	A	METODOS NUMERICOS PARA ECUACIONES DIFERENCIALES PARCIALES	PRACTICA	VI 16-18	R3-123B	JARA HUANCA, FIDEL
CM073	A	TOPICOS DE LA INVESTIGACION II	TEORIA	LU 12-14	R1-401	CASTILLO LAGOS, HUGO ALONSO
CM073	A	TOPICOS DE LA INVESTIGACION II	TEORIA	MA 10-12	R1-460	CASTILLO LAGOS, HUGO ALONSO
CM073	A	TOPICOS DE LA INVESTIGACION II	PRACTICA	JU 12-14	R1-401	CASTILLO LAGOS, HUGO ALONSO
CM090	A	INTRODUCCION A LOS ELEMENTOS FINITOS	TEORIA	LU 14-16	R1-215	MANTILLA NUÑEZ, IRLA DORALIZA
CM090	A	INTRODUCCION A LOS ELEMENTOS FINITOS	TEORIA	MI 14-16	R1-215	MANTILLA NUÑEZ, IRLA DORALIZA
CM090	A	INTRODUCCION A LOS ELEMENTOS FINITOS	PRACTICA	VI 10-12	J3-152	RAMÍREZ GUTIERREZ, ANGEL ENRIQUE
CM1A2	A	LOGICA Y TEORIA DE CONJUNTOS	TEORIA	SA 9-12	R1-440	CASTILLO LAGOS, HUGO ALONSO
CM1A2	A	LOGICA Y TEORIA DE CONJUNTOS	PRACTICA	LU 16-18	J3-252	CASTILLO LAGOS, HUGO ALONSO
CM1B2	A	ALGEBRA LINEAL I	TEORIA	MA 16-18	J3-242	NAVARRO ROJAS, FRANK
CM1B2	A	ALGEBRA LINEAL I	TEORIA	JU 14-16	R1-401	NAVARRO ROJAS, FRANK
CM1B2	A	ALGEBRA LINEAL I	PRACTICA	VI 14-16	J3-162A	NUÑEZ SULLCA, ALBERTH JOHN
CM1B2	B	ALGEBRA LINEAL I	TEORIA	MI 10-12	R1-430	PEREZ CUPE, RÓSULO HILARIÓN
CM1B2	B	ALGEBRA LINEAL I	TEORIA	JU 10-12	R1-460	PEREZ CUPE, RÓSULO HILARIÓN
CM1B2	B	ALGEBRA LINEAL I	PRACTICA	VI 14-16	J3-222	TAMARA ALBINO, JIMMY RAINER
CM1B2	C	ALGEBRA LINEAL I	TEORIA	JU 10-12	J3-232	TAMARA ALBINO, JIMMY RAINER
CM1B2	C	ALGEBRA LINEAL I	TEORIA	VI 10-12	J3-252	TAMARA ALBINO, JIMMY RAINER
CM1B2	C	ALGEBRA LINEAL I	PRACTICA	VI 14-16	J3-252	PÉREZ ORTIZ, JOAQUÍN OMAR
CM1H2	A	CALCULO DE PROBABILIDADES	TEORIA	JU 8-10	R1-401	UGARTE CHAMORRO, JOSÉ LUIS
CM1H2	A	CALCULO DE PROBABILIDADES	LABORATORIO	MA 10-12	SALA 2	NUÑEZ SULLCA, ALBERTH JOHN
CM1H2	B	CALCULO DE PROBABILIDADES	TEORIA	JU 16-18	R1-460	FLORES LUYO, LUIS ERNESTO
CM1H2	B	CALCULO DE PROBABILIDADES	LABORATORIO	MA 10-12	SALA 3	ACUÑA ORTEGA, RICHARD FLAVIO
CM1H2	C	CALCULO DE PROBABILIDADES	TEORIA	MI 14-16	J3-232	PÉREZ ORTIZ, JOAQUÍN OMAR
CM1H2	C	CALCULO DE PROBABILIDADES	LABORATORIO	MA 10-12	SALA 4	JARA HUANCA, FIDEL
CM2A1	A	CALCULO DIFERENCIAL E INTEGRAL AVANZADO	TEORIA	MA 14-16	R1-411	VALVERDE MONTORO, JOHNNY MOISÉS
CM2A1	A	CALCULO DIFERENCIAL E INTEGRAL AVANZADO	TEORIA	MI 14-16	R1-440	VALVERDE MONTORO, JOHNNY MOISÉS
CM2A1	A	CALCULO DIFERENCIAL E INTEGRAL AVANZADO	TEORIA	VI 14-16	R1-460	VALVERDE MONTORO, JOHNNY MOISÉS
CM2A1	A	CALCULO DIFERENCIAL E INTEGRAL AVANZADO	PRACTICA	SA 14-16	J3-222	PÉREZ ORTIZ, JOAQUÍN OMAR
CM2A1	B	CALCULO DIFERENCIAL E INTEGRAL AVANZADO	TEORIA	MA 13-15	J3-182B	SULCA CHIPANA, JORGE JOEL
CM2A1	B	CALCULO DIFERENCIAL E INTEGRAL AVANZADO	TEORIA	MI 14-16	J3-182B	SULCA CHIPANA, JORGE JOEL
CM2A1	B	CALCULO DIFERENCIAL E INTEGRAL AVANZADO	TEORIA	VI 14-16	J3-182A	SULCA CHIPANA, JORGE JOEL
CM2A1	B	CALCULO DIFERENCIAL E INTEGRAL AVANZADO	PRACTICA	SA 14-16	J3-242	PAUCAR ROJAS, RINA ROXANA
CM2A1	C	CALCULO DIFERENCIAL E INTEGRAL AVANZADO	TEORIA	SA 8-10	J3-252	GUIMARAY HUERTA, HÉCTOR CARLOS
CM2A1	C	CALCULO DIFERENCIAL E INTEGRAL AVANZADO	TEORIA	MA 8-10	R1-421	GUIMARAY HUERTA, HÉCTOR CARLOS
CM2A1	C	CALCULO DIFERENCIAL E INTEGRAL AVANZADO	TEORIA	JU 8-10	R1-411	GUIMARAY HUERTA, HÉCTOR CARLOS
CM2A1	C	CALCULO DIFERENCIAL E INTEGRAL AVANZADO	PRACTICA	SA 14-16	J3-232	NUÑEZ SULLCA, ALBERTH JOHN
CM2A1	D	CALCULO DIFERENCIAL E INTEGRAL AVANZADO	TEORIA	SA 8-10	J3-232	NUÑEZ SULLCA, ALBERTH JOHN
CM2A1	D	CALCULO DIFERENCIAL E INTEGRAL AVANZADO	TEORIA	MA 8-10	J3-232	NUÑEZ SULLCA, ALBERTH JOHN
CM2A1	D	CALCULO DIFERENCIAL E INTEGRAL AVANZADO	TEORIA	JU 8-10	J3-232	NUÑEZ SULLCA, ALBERTH JOHN
CM2A1	D	CALCULO DIFERENCIAL E INTEGRAL AVANZADO	PRACTICA	SA 14-16	J3-182B	SALAZAR FLORES, ELIZABETH RUTH
CM2A2	A	ANALISIS REAL	TEORIA	LU 10-12	J3-182B	ESCALANTE DEL ÁGUILA, SEGUNDO FÉLIX
CM2A2	A	ANALISIS REAL	TEORIA	MI 10-12	J3-162B	ESCALANTE DEL ÁGUILA, SEGUNDO FÉLIX
CM2A2	A	ANALISIS REAL	TEORIA	VI 10-12	J3-232	ESCALANTE DEL ÁGUILA, SEGUNDO FÉLIX
CM2A2	A	ANALISIS REAL	PRACTICA	SA 8-11	J3-162A	LA ROSA OBANDO, LAURA BETZABÉ
CM2A2	B	ANALISIS REAL	TEORIA	LU 16-18	R1-430	CHULLUNCUY CENTENO, ANDRES VICENTE
CM2A2	B	ANALISIS REAL	TEORIA	MI 16-18	R1-430	CHULLUNCUY CENTENO, ANDRES VICENTE
CM2A2	B	ANALISIS REAL	TEORIA	VI 16-18	R1-460	CHULLUNCUY CENTENO, ANDRES VICENTE
CM2A2	B	ANALISIS REAL	PRACTICA	SA 8-11	J3-162B	OSTOS CORDERO, BENITO LEONARDO
CM2B1	A	ALGEBRA LINEAL II	TEORIA	MI 10-12	J3-182A	OSTOS CORDERO, BENITO LEONARDO
CM2B1	A	ALGEBRA LINEAL II	TEORIA	VI 10-12	J3-182B	OSTOS CORDERO, BENITO LEONARDO
CM2B1	A	ALGEBRA LINEAL II	PRACTICA	JU 14-16	R1-440	OSTOS CORDERO, BENITO LEONARDO
CM2F1	A	PROGRAMACION ESTRUCTURADA	TEORIA	LU 8-10	R3-209	PEREZ CUPE, RÓSULO HILARIÓN
CM2F1	A	PROGRAMACION ESTRUCTURADA	LABORATORIO	LU 10-12	SALA 4	PEREZ CUPE, RÓSULO HILARIÓN
CM2F1	A	PROGRAMACION ESTRUCTURADA	LABORATORIO	VI 8-10	SALA 1	PEREZ CUPE, RÓSULO HILARIÓN
CM2F2	A	PROCESADOR DE TEXTO Y PROGRAMACION	TEORIA	LU 18-21	SALA 1	CRIBILLERO ACHING, JUAN AURELIO
CM2F2	A	PROCESADOR DE TEXTO Y PROGRAMACION	TEORIA	VI 18-21	SALA 1	CRIBILLERO ACHING, JUAN AURELIO
CM2G2	A	INTRODUCCION A LAS ECUACIONES DIFERENCIALES ORDINARIAS	TEORIA	JU 14-16	R3-123B	VILLANUEVA SANTOS, FELIX RICARDO
CM2G2	A	INTRODUCCION A LAS ECUACIONES DIFERENCIALES ORDINARIAS	TEORIA	JU 18-20	R3-123B	VILLANUEVA SANTOS, FELIX RICARDO
CM2G2	A	INTRODUCCION A LAS ECUACIONES DIFERENCIALES ORDINARIAS	PRACTICA	MA 18-20	R3-209	MAS HUAMAN, RONALD JESUS
CM2H1	A	MATEMATICA DISCRETA	TEORIA	MA 10-12	R1-440	MAS HUAMAN, RONALD JESUS
CM2H1	A	MATEMATICA DISCRETA	TEORIA	JU 10-12	J3-242	MAS HUAMAN, RONALD JESUS
CM2H1	A	MATEMATICA DISCRETA	PRACTICA	VI 16-18	J3-232	PÉREZ ORTIZ, JOAQUÍN OMAR
CM2H1	B	MATEMATICA DISCRETA	TEORIA	LU 18-20	R1-450	SALINAS ZAVALA, CHRISTOPER JESUS
CM2H1	B	MATEMATICA DISCRETA	TEORIA	MI 18-20	R1-430	SALINAS ZAVALA, CHRISTOPER JESUS
CM2H1	B	MATEMATICA DISCRETA	PRACTICA	VI 16-18	J3-232	SALAZAR FLORES, ELIZABETH RUTH
CM2H2	A	ESTADISTICA INFERENCIAL	TEORIA	MA 16-18	R1-421	PANIZO GARCIA, GONZALO
CM2H2	A	ESTADISTICA INFERENCIAL	LABORATORIO	JU 16-18	SALA 2	PANIZO GARCIA, GONZALO
CM2H2	B	ESTADISTICA INFERENCIAL	TEORIA	MA 10-12	R1-450	SALAZAR FLORES, ELIZABETH RUTH
CM2H2	B	ESTADISTICA INFERENCIAL	LABORATORIO	JU 16-18	SALA 3	PÉREZ ORTIZ, JOAQUÍN OMAR
CM2I2	A	ESTRUCTURAS ALGEBRAICAS	TEORIA	MA 8-10	J3-142	MAS HUAMAN, RONALD JESUS
CM2I2	A	ESTRUCTURAS ALGEBRAICAS	TEORIA	JU 8-10	J3-162A	MAS HUAMAN, RONALD JESUS
CM2I2	A	ESTRUCTURAS ALGEBRAICAS	PRACTICA	LU 8-10	J3-152	MAS HUAMAN, RONALD JESUS
CM3A1	A	ANALISIS COMPLEJO	TEORIA	LU 10-12	R1-440	TORIBIO CANGANA, MANUEL TEODOSIO
CM3A1	A	ANALISIS COMPLEJO	TEORIA	MI 10-12	R1-440	TORIBIO CANGANA, MANUEL TEODOSIO
CM3A1	A	ANALISIS COMPLEJO	PRACTICA	VI 10-12	R1-411	TORIBIO CANGANA, MANUEL TEODOSIO
CM3C1	A	ANALISIS EN RN	TEORIA	LU 14-16	J3-152	METZGER ALVAN, ROGER JAVIER
CM3C1	A	ANALISIS EN RN	TEORIA	MI 14-16	J3-222	METZGER ALVAN, ROGER JAVIER
CM3C1	A	ANALISIS EN RN	PRACTICA	VI 14-16	J3-232	METZGER ALVAN, ROGER JAVIER
CM3C2	A	TEORIA DE LA MEDIDA	TEORIA	MA 16-18	J3-252	MAYTA GUILLERMO, JORGE ENRIQUE
CM3C2	A	TEORIA DE LA MEDIDA	TEORIA	JU 16-18	R1-411	MAYTA GUILLERMO, JORGE ENRIQUE
CM3C2	A	TEORIA DE LA MEDIDA	PRACTICA	VI 18-20	R1-421	MAYTA GUILLERMO, JORGE ENRIQUE
CM3E2	A	ANALISIS CONVEXO	TEORIA	MA 8-10	R1-440	NAVARRO ROJAS, FRANK
CM3E2	A	ANALISIS CONVEXO	TEORIA	JU 8-10	J3-162B	NAVARRO ROJAS, FRANK
CM3E2	A	ANALISIS CONVEXO	PRACTICA	LU 10-12	R1-450	ECHEGARAY CASTILLO, WILLIAM CARLOS
CM3G2	A	ECUACIONES DIFERENCIALES ORDINARIAS I	TEORIA	LU 14-16	R1-401	ESCALANTE DEL ÁGUILA, SEGUNDO FÉLIX
CM3G2	A	ECUACIONES DIFERENCIALES ORDINARIAS I	TEORIA	MI 14-16	J3-162B	ESCALANTE DEL ÁGUILA, SEGUNDO FÉLIX
CM3G2	A	ECUACIONES DIFERENCIALES ORDINARIAS I	PRACTICA	VI 14-16	J3-182B	CHULLUNCUY CENTENO, ANDRES VICENTE
CM3I1	A	TEORIA LOCAL DE SUPERFICIES	TEORIA	LU 8-10	R1-421	QUIÑONES ROBLES, MARCO ERNESTO
CM3I1	A	TEORIA LOCAL DE SUPERFICIES	TEORIA	MI 8-10	R1-421	QUIÑONES ROBLES, MARCO ERNESTO
CM3I1	A	TEORIA LOCAL DE SUPERFICIES	PRACTICA	VI 8-10	J3-152	QUIÑONES ROBLES, MARCO ERNESTO
CM3I2	A	TOPOLOGIA	TEORIA	MA 14-16	R1-421	VILLAVICENCIO FERNANDEZ, HELMUTH
CM3I2	A	TOPOLOGIA	TEORIA	JU 14-16	R1-421	VILLAVICENCIO FERNANDEZ, HELMUTH
CM3I2	A	TOPOLOGIA	PRACTICA	LU 16-18	R1-450	SALINAS ZAVALA, CHRISTOPER JESUS
CM4C1	A	ANALISIS FUNCIONAL I	TEORIA	LU 8-10	R1-440	OCAÑA ANAYA, ELADIO TEÓFILO
CM4C1	A	ANALISIS FUNCIONAL I	TEORIA	MI 8-10	R1-440	OCAÑA ANAYA, ELADIO TEÓFILO
CM4C1	A	ANALISIS FUNCIONAL I	PRACTICA	VI 8-10	R3-209	LÓPEZ MEGO, VICTOR
CM4C2	A	ANALISIS FUNCIONAL II	TEORIA	LU 14-16	R3-123C	GUIMARAY HUERTA, HÉCTOR CARLOS
CM4C2	A	ANALISIS FUNCIONAL II	TEORIA	MI 14-16	R3-209	GUIMARAY HUERTA, HÉCTOR CARLOS
CM4C2	A	ANALISIS FUNCIONAL II	PRACTICA	VI 14-16	R1-430	GUIMARAY HUERTA, HÉCTOR CARLOS
CM4D2	A	PROYECTO DE TESIS I	PRACTICA	DO 8-10	R9-266	ABANTO SILVA, DIMAS PERCY
CM4D2	A	PROYECTO DE TESIS I	PRACTICA	DO 8-10	R9-266	PALACIOS BALDEÓN, JOE ALBINO
CM4D2	A	PROYECTO DE TESIS I	PRACTICA	DO 8-10	R9-266	NAVARRO ROJAS, FRANK
CM4D2	A	PROYECTO DE TESIS I	PRACTICA	DO 8-10	R9-266	FLORES LUYO, LUIS ERNESTO
CM4D2	A	PROYECTO DE TESIS I	PRACTICA	DO 8-10	R9-266	VELÁSQUEZ CASTAÑÓN, OSWALDO JOSÉ
CM4D2	A	PROYECTO DE TESIS I	PRACTICA	DO 8-10	R9-266	CANALES GARCIA, PEDRO
CM4D2	A	PROYECTO DE TESIS I	PRACTICA	DO 8-10	R9-266	MUNGUIA LA COTERA, JONATHAN ALFREDO
CM4D2	A	PROYECTO DE TESIS I	PRACTICA	DO 8-10	R9-266	ESCALANTE DEL ÁGUILA, SEGUNDO FÉLIX
CM4D2	A	PROYECTO DE TESIS I	PRACTICA	DO 8-10	R9-266	JARA HUANCA, FIDEL
CM4E1	A	PROGRAMACION LINEAL Y FLUJO EN REDES	TEORIA	MA 16-18	SALA 1	FLORES LUYO, LUIS ERNESTO
CM4E1	A	PROGRAMACION LINEAL Y FLUJO EN REDES	TEORIA	JU 18-20	SALA 1	FLORES LUYO, LUIS ERNESTO
CM4E1	A	PROGRAMACION LINEAL Y FLUJO EN REDES	PRACTICA	VI 20-22	SALA 1	FLORES LUYO, LUIS ERNESTO
CM4E2	A	PROGRAMACION NO LINEAL	TEORIA	LU 10-12	R3-123B	ORÉ ALBORNÓZ, ERNESTO
CM4E2	A	PROGRAMACION NO LINEAL	TEORIA	MI 10-12	R1-215	ORÉ ALBORNÓZ, ERNESTO
CM4E2	A	PROGRAMACION NO LINEAL	TEORIA	MA 8-10	R1-401	ORÉ ALBORNÓZ, ERNESTO
CM4E2	A	PROGRAMACION NO LINEAL	PRACTICA	JU 10-12	R3-123B	NAVARRO ROJAS, FRANK
CM4F1	A	ANALISIS Y MODELAMIENTO NUMERICO I	TEORIA	MA 16-18	J3-162A	ROCA GALINDO, LUIS RODOLFO
CM4F1	A	ANALISIS Y MODELAMIENTO NUMERICO I	TEORIA	JU 16-18	R3-209	ROCA GALINDO, LUIS RODOLFO
CM4F1	A	ANALISIS Y MODELAMIENTO NUMERICO I	PRACTICA	MI 10-12	J3-242	ROCA GALINDO, LUIS RODOLFO
CM4F1	B	ANALISIS Y MODELAMIENTO NUMERICO I	TEORIA	JU 8-10	R1-430	MUNGUIA LA COTERA, JONATHAN ALFREDO
CM4F1	B	ANALISIS Y MODELAMIENTO NUMERICO I	TEORIA	VI 10-12	SALA 1	MUNGUIA LA COTERA, JONATHAN ALFREDO
CM4F1	B	ANALISIS Y MODELAMIENTO NUMERICO I	PRACTICA	MI 10-12	J3-242	PÉREZ ORTIZ, JOAQUÍN OMAR
CM4G2	A	ECUACIONES DIFERENCIALES PARCIALES I	TEORIA	LU 8-10	R3-123B	CANALES GARCIA, PEDRO
CM4G2	A	ECUACIONES DIFERENCIALES PARCIALES I	TEORIA	MI 8-10	R3-209	CANALES GARCIA, PEDRO
CM4G2	A	ECUACIONES DIFERENCIALES PARCIALES I	PRACTICA	VI 10-12	J3-142	QUIÑONES ROBLES, MARCO ERNESTO
CM4H1	A	TEORIA DE LA PROBABILIDAD	TEORIA	LU 14-16	R1-421	UGARTE CHAMORRO, JOSÉ LUIS
CM4H1	A	TEORIA DE LA PROBABILIDAD	TEORIA	MI 16-18	R1-240B	UGARTE CHAMORRO, JOSÉ LUIS
CM4H1	A	TEORIA DE LA PROBABILIDAD	PRACTICA	JU 10-12	R1-430	UGARTE CHAMORRO, JOSÉ LUIS
CM5D1	A	PROYECTO DE TESIS II	PRACTICA	DO 10-12	R6-272	RAMÍREZ GUTIERREZ, ANGEL ENRIQUE
CM5D1	A	PROYECTO DE TESIS II	PRACTICA	DO 10-12	R6-272	JARA HUANCA, FIDEL
CM5D1	A	PROYECTO DE TESIS II	PRACTICA	DO 10-12	R6-272	MAYTA GUILLERMO, JORGE ENRIQUE
CM5D1	A	PROYECTO DE TESIS II	PRACTICA	DO 10-12	R6-272	PALACIOS BALDEÓN, JOE ALBINO
CM5D1	A	PROYECTO DE TESIS II	PRACTICA	DO 10-12	R6-272	MANTILLA NUÑEZ, IRLA DORALIZA
CM5D1	A	PROYECTO DE TESIS II	PRACTICA	DO 10-12	R6-272	UGARTE CHAMORRO, JOSÉ LUIS
CM5D1	A	PROYECTO DE TESIS II	PRACTICA	DO 10-12	R6-272	FLORES LUYO, LUIS ERNESTO
CM5D1	A	PROYECTO DE TESIS II	PRACTICA	DO 10-12	R6-272	VILLAVICENCIO FERNANDEZ, HELMUTH
CM5D1	A	PROYECTO DE TESIS II	PRACTICA	DO 10-12	R6-272	ECHEGARAY CASTILLO, WILLIAM CARLOS
CM5D1	A	PROYECTO DE TESIS II	PRACTICA	DO 10-12	R6-272	PANIZO GARCIA, GONZALO
CM5F1	A	ANALISIS Y MODELAMIENTO NUMERICO II	TEORIA	LU 16-18	R3-123B	MANTILLA NUÑEZ, IRLA DORALIZA
CM5F1	A	ANALISIS Y MODELAMIENTO NUMERICO II	TEORIA	MI 16-18	R1-460	MANTILLA NUÑEZ, IRLA DORALIZA
CM5F1	A	ANALISIS Y MODELAMIENTO NUMERICO II	PRACTICA	JU 14-16	SALA 1	MANTILLA NUÑEZ, IRLA DORALIZA
CM5H1	A	INTRODUCCION A LOS PROCESOS ESTOCASTICOS	TEORIA	MA 18-20	R1-421	PANIZO GARCIA, GONZALO
CM5H1	A	INTRODUCCION A LOS PROCESOS ESTOCASTICOS	TEORIA	JU 18-20	R3-209	PANIZO GARCIA, GONZALO
CM5H1	A	INTRODUCCION A LOS PROCESOS ESTOCASTICOS	PRACTICA	VI 16-18	R3-209	PANIZO GARCIA, GONZALO
CM5T3	A	TALLER DE INVESTIGACION	PRACTICA	DO 14-16	R9-271	PEREZ CUPE, RÓSULO HILARIÓN
CM5T3	A	TALLER DE INVESTIGACION	PRACTICA	DO 14-16	R9-271	OCAÑA ANAYA, ELADIO TEÓFILO
CM5T3	A	TALLER DE INVESTIGACION	PRACTICA	DO 14-16	R9-271	MANTILLA NUÑEZ, IRLA DORALIZA
CM5T3	A	TALLER DE INVESTIGACION	PRACTICA	DO 14-16	R9-271	MAYTA GUILLERMO, JORGE ENRIQUE
CM5T3	A	TALLER DE INVESTIGACION	PRACTICA	DO 14-16	R9-271	UGARTE CHAMORRO, JOSÉ LUIS
CM5T3	A	TALLER DE INVESTIGACION	PRACTICA	DO 14-16	R9-271	MUNGUIA LA COTERA, JONATHAN ALFREDO
CM5T3	A	TALLER DE INVESTIGACION	PRACTICA	DO 14-16	R9-271	ORÉ ALBORNÓZ, ERNESTO
CQ002	A	TOPICOS DE QUIMICA ESPECIALIZADA II	TEORIA	MI 14-16	M8-501	BAENA MONCADA, ANGÉLICA MARIA
CQ002	A	TOPICOS DE QUIMICA ESPECIALIZADA II	TEORIA	VI 14-16	M8-501	BAENA MONCADA, ANGÉLICA MARIA
CQ004	A	TOPICOS DE QUIMICA ESPECIALIZADA IV	TEORIA	MA 10-12	R1-250A	PASTRANA ALTA, ROXANA YESENIA
CQ004	A	TOPICOS DE QUIMICA ESPECIALIZADA IV	TEORIA	JU 10-12	R1-450	PASTRANA ALTA, ROXANA YESENIA
CQ004	A	TOPICOS DE QUIMICA ESPECIALIZADA IV	LABORATORIO	VI 14-18	Lab Biomet	PASTRANA ALTA, ROXANA YESENIA
CQ047	A	SINTESIS ORGANICA	TEORIA	MA 14-15	R1-450	MUEDAS TAIPE, GOLFER
CQ047	A	SINTESIS ORGANICA	TEORIA	JU 16-18	R1-125B	MUEDAS TAIPE, GOLFER
CQ047	A	SINTESIS ORGANICA	LABORATORIO	MA 16-20	LAB 12	CARLOS SALAZAR, MAX JORGE
CQ081	A	DISEÑO Y OPTIMIZACION DE EXPERIMENTOS	TEORIA	LU 16-19	R1-440	JACINTO HERNANDEZ, CHRISTIAN RONALD
CQ081	A	DISEÑO Y OPTIMIZACION DE EXPERIMENTOS	TEORIA	MI 16-19	R1-450	JACINTO HERNANDEZ, CHRISTIAN RONALD
CQ102	A	QUIMICA EXPERIMENTAL	LABORATORIO	JU 16-20	LAB 12	BERETTA ENCISO, JOSÉ GONZALO
CQ132	A	QUIMICA CIENCIA Y TECNOLOGIA	TEORIA	MI 14-16	M8-501	LA ROSA TORO GOMEZ, ADOLFO
CQ221	A	INTRODUCCION A LA ELECTRICIDAD Y MAGNETISMO	TEORIA	MA 14-16	R3-123C	SOLANO SALINAS, CARLOS JAVIER
CQ221	A	INTRODUCCION A LA ELECTRICIDAD Y MAGNETISMO	TEORIA	SA 8-10	zoom21	SOLANO SALINAS, CARLOS JAVIER
CQ221	A	INTRODUCCION A LA ELECTRICIDAD Y MAGNETISMO	LABORATORIO	MI 15-17	J3-142	APAZA MAMANÍ, HEBBERT ALEXANDER
CQ221	B	INTRODUCCION A LA ELECTRICIDAD Y MAGNETISMO	TEORIA	JU 16-18	R3-123C	SOLANO SALINAS, CARLOS JAVIER
CQ221	B	INTRODUCCION A LA ELECTRICIDAD Y MAGNETISMO	TEORIA	SA 10-12	zoom21	SOLANO SALINAS, CARLOS JAVIER
CQ221	B	INTRODUCCION A LA ELECTRICIDAD Y MAGNETISMO	LABORATORIO	MI 13-15	J3-142	APAZA MAMANÍ, HEBBERT ALEXANDER
CQ221	C	INTRODUCCION A LA ELECTRICIDAD Y MAGNETISMO	TEORIA	JU 16-18	R3-123C	SOLANO SALINAS, CARLOS JAVIER
CQ221	C	INTRODUCCION A LA ELECTRICIDAD Y MAGNETISMO	TEORIA	SA 10-12	zoom21	SOLANO SALINAS, CARLOS JAVIER
CQ221	C	INTRODUCCION A LA ELECTRICIDAD Y MAGNETISMO	LABORATORIO	VI 17-19	J3-142	APAZA MAMANÍ, HEBBERT ALEXANDER
CQ241	A	ELEMENTOS QUIMICOS, PROPIEDADES Y APLICACIONES	TEORIA	MA 16-18	R1-460	BERETTA ENCISO, JOSÉ GONZALO
CQ241	A	ELEMENTOS QUIMICOS, PROPIEDADES Y APLICACIONES	TEORIA	VI 8-10	R1-460	BERETTA ENCISO, JOSÉ GONZALO
CQ241	A	ELEMENTOS QUIMICOS, PROPIEDADES Y APLICACIONES	LABORATORIO	MI 8-12	LAB 12	BERETTA ENCISO, JOSÉ GONZALO
CQ242	A	ESTRUCTURA QUIMICA Y REACTIVIDAD	TEORIA	LU 16-18	R3-209	GONTARUK COLLQUE, HUGO CRISTHIAN
CQ242	A	ESTRUCTURA QUIMICA Y REACTIVIDAD	TEORIA	MA 16-18	R1-215	GONTARUK COLLQUE, HUGO CRISTHIAN
CQ242	A	ESTRUCTURA QUIMICA Y REACTIVIDAD	LABORATORIO	VI 14-18	LAB 12	GONTARUK COLLQUE, HUGO CRISTHIAN
CQ261	A	HIDROCARBUROS ALIFATICOS, ALCOHOLES Y DERIVADOS	TEORIA	MA 10-12	R3-123B	GARAMBEL VILCA, EDSON EMILIO
CQ261	A	HIDROCARBUROS ALIFATICOS, ALCOHOLES Y DERIVADOS	TEORIA	VI 11-13	R1-430	GARAMBEL VILCA, EDSON EMILIO
CQ261	A	HIDROCARBUROS ALIFATICOS, ALCOHOLES Y DERIVADOS	LABORATORIO	LU 14-18	LAB 12	GARAMBEL VILCA, EDSON EMILIO
CQ262	A	COMPUESTOS CARBONILICOS Y AROMATICOS	TEORIA	LU 10-12	AULA 33C	CÓNDOR CUYUBAMBA, ELENA ALICIA
CQ262	A	COMPUESTOS CARBONILICOS Y AROMATICOS	TEORIA	MA 14-16	AULA 33C	CÓNDOR CUYUBAMBA, ELENA ALICIA
CQ262	A	COMPUESTOS CARBONILICOS Y AROMATICOS	LABORATORIO	JU 8-12	LAB 12	CÓNDOR CUYUBAMBA, ELENA ALICIA
CQ271	A	PRINCIPIOS DE FISICOQUIMICA	TEORIA	MA 8-10	R1-250B	FERNANDEZ AGUIRRE, MARIBEL GABRIELA
CQ271	A	PRINCIPIOS DE FISICOQUIMICA	TEORIA	JU 10-12	R1-250A	FERNANDEZ AGUIRRE, MARIBEL GABRIELA
CQ271	A	PRINCIPIOS DE FISICOQUIMICA	LABORATORIO	VI 14-18	LAB 33R2	FERNANDEZ AGUIRRE, MARIBEL GABRIELA
CQ272	A	FUNDAMENTOS DE ELECTROQUIMICA	TEORIA	LU 14-16	R1-125A	RUIZ MONTOYA, JOSÉ GABRIEL
CQ272	A	FUNDAMENTOS DE ELECTROQUIMICA	TEORIA	JU 16-18	R1-250B	RUIZ MONTOYA, JOSÉ GABRIEL
CQ272	A	FUNDAMENTOS DE ELECTROQUIMICA	LABORATORIO	MI 15-19	LAB 33R1	RUIZ MONTOYA, JOSÉ GABRIEL
CQ2E2	A	QUIMICA ANALITICA	TEORIA	MA 10-12	R1-421	LÓPEZ PINO, PATRICIA ROSARIO
CQ2E2	A	QUIMICA ANALITICA	TEORIA	VI 10-12	M8-501	LÓPEZ PINO, PATRICIA ROSARIO
CQ2E2	A	QUIMICA ANALITICA	LABORATORIO	MI 8-12	LAB 33R1	CCONISLLA BELLO, JOSÉ LUIS
CQ300	A	METODOS NUMERICOS APLICADOS A LA QUIMICA	TEORIA	MI 10-13	R3-209	ACUÑA ORTEGA, RICHARD FLAVIO
CQ300	A	METODOS NUMERICOS APLICADOS A LA QUIMICA	PRACTICA	MA 16-18	J3-182B	ACUÑA ORTEGA, RICHARD FLAVIO
CQ301	A	QUIMICA DE COORDINACION	TEORIA	MA 14-16	R1-430	VALDERRAMA NEGRÓN, ANA CECILIA
CQ301	A	QUIMICA DE COORDINACION	TEORIA	VI 8-10	R1-125A	VALDERRAMA NEGRÓN, ANA CECILIA
CQ301	A	QUIMICA DE COORDINACION	LABORATORIO	MI 8-12	LAB 33C	PASTRANA ALTA, ROXANA YESENIA
CQ302	A	QUIMICA INORGANICA APLICADA	TEORIA	MA 14-16	R1-440	CARLOS SALAZAR, MAX JORGE
CQ302	A	QUIMICA INORGANICA APLICADA	TEORIA	VI 8-10	R1-450	CARLOS SALAZAR, MAX JORGE
CQ302	A	QUIMICA INORGANICA APLICADA	LABORATORIO	LU 8-12	LAB 33C	GONTARUK COLLQUE, HUGO CRISTHIAN
CQ361	A	CARBOHIDRATOS, AMINOACIDOS Y HETEROCICLICOS	TEORIA	MA 10-12	R1-250B	TORPOCO CARMEN, VIRGINIA ELIZABETH
CQ361	A	CARBOHIDRATOS, AMINOACIDOS Y HETEROCICLICOS	TEORIA	VI 10-12	R1-125A	TORPOCO CARMEN, VIRGINIA ELIZABETH
CQ361	A	CARBOHIDRATOS, AMINOACIDOS Y HETEROCICLICOS	LABORATORIO	MI 14-18	LAB 12	TORPOCO CARMEN, VIRGINIA ELIZABETH
CQ371	A	CINETICA QUIMICA Y FENOMENOS DE SUPERFICIE	TEORIA	MA 8-10	R3-123B	LÓPEZ CISNEROS, ROSARIO CRISTINA
CQ371	A	CINETICA QUIMICA Y FENOMENOS DE SUPERFICIE	TEORIA	JU 8-10	R3-123C	LÓPEZ CISNEROS, ROSARIO CRISTINA
CQ371	A	CINETICA QUIMICA Y FENOMENOS DE SUPERFICIE	LABORATORIO	JU 16-20	LAB 33R1	VEGA CHACÓN, JAIME RICARDO
CQ372	A	QUIMICA DE COLOIDES Y NANOPARTICULAS	TEORIA	MA 8-10	R1-250A	DAMIAN BRIONES, MARÍA ANGÉLICA
CQ372	A	QUIMICA DE COLOIDES Y NANOPARTICULAS	TEORIA	JU 10-12	R1-411	DAMIAN BRIONES, MARÍA ANGÉLICA
CQ372	A	QUIMICA DE COLOIDES Y NANOPARTICULAS	LABORATORIO	MI 14-17	LAB 33R2	DAMIAN BRIONES, MARÍA ANGÉLICA
CQ381	A	TRATAMIENTO ESTADISTICO EN QUIMICA ANALITICA	TEORIA	MA 16-18	R1-440	CCONISLLA BELLO, JOSÉ LUIS
CQ381	A	TRATAMIENTO ESTADISTICO EN QUIMICA ANALITICA	PRACTICA	VI 16-18	R1-125A	CCONISLLA BELLO, JOSÉ LUIS
CQ382	A	TECNICAS ESPECTROSCOPICAS EN QUIMICA ANALITICA	TEORIA	MA 10-12	R3-209	JACINTO HERNANDEZ, CHRISTIAN RONALD
CQ382	A	TECNICAS ESPECTROSCOPICAS EN QUIMICA ANALITICA	TEORIA	VI 14-16	R3-123C	JACINTO HERNANDEZ, CHRISTIAN RONALD
CQ382	A	TECNICAS ESPECTROSCOPICAS EN QUIMICA ANALITICA	LABORATORIO	LU 14-18	LAB 33R2	CCONISLLA BELLO, JOSÉ LUIS
CQ392	A	IDENTIFICACION ESPECTROSCOPICA DE COMPUESTOS ORGANICOS	TEORIA	MI 8-10	R1-250A	TORPOCO CARMEN, VIRGINIA ELIZABETH
CQ392	A	IDENTIFICACION ESPECTROSCOPICA DE COMPUESTOS ORGANICOS	TEORIA	VI 14-16	AULA 33C	TORPOCO CARMEN, VIRGINIA ELIZABETH
CQ392	A	IDENTIFICACION ESPECTROSCOPICA DE COMPUESTOS ORGANICOS	PRACTICA	JU 16-19	AULA 33C	GARAMBEL VILCA, EDSON
CQ401	A	MICROBIOLOGIA	TEORIA	MA 8-10	R1-411	PRIETO MARCOS, JUAN JOSÉ
CQ401	A	MICROBIOLOGIA	PRACTICA	MI 8-10	R3-123B	PRIETO MARCOS, JUAN JOSÉ
CQ402	A	TECNICAS DE CARACTERIZACION DE MATERIALES	TEORIA	MI 16-18	R3-209	PICASSO ESCOBAR, GINO ITALO
CQ402	A	TECNICAS DE CARACTERIZACION DE MATERIALES	PRACTICA	VI 16-18	R1-450	PICASSO ESCOBAR, GINO ITALO
CQ431	A	QUIMICA Y GESTION AMBIENTAL	TEORIA	MA 14-16	R1-215	LÓPEZ PINO, PATRICIA ROSARIO
CQ431	A	QUIMICA Y GESTION AMBIENTAL	TEORIA	JU 10-12	R3-209	LÓPEZ PINO, PATRICIA ROSARIO
CQ431	A	QUIMICA Y GESTION AMBIENTAL	PRACTICA	VI 9-13	R3-123B	MAZA MEJIA, ILY MARILÚ
CQ431	A	QUIMICA Y GESTION AMBIENTAL	LABORATORIO	VI 9-13	LAB 33R1	MAZA MEJIA, ILY MARILÚ
CQ461	A	SEMINARIO DE ELABORACION DE LA TESIS PROFESIONAL	TEORIA	MI 16-17	M8-501	BAENA MONCADA, ANGÉLICA MARIA
CQ461	A	SEMINARIO DE ELABORACION DE LA TESIS PROFESIONAL	PRACTICA	MI 17-19	M8-501	BAENA MONCADA, ANGÉLICA MARIA
CQ472	A	QUIMICA DE MATERIALES	TEORIA	MA 16-18	R1-401	ALARCON CAVERO, HUGO ARTURO
CQ472	A	QUIMICA DE MATERIALES	TEORIA	JU 16-18	R1-430	ALARCON CAVERO, HUGO ARTURO
CQ472	A	QUIMICA DE MATERIALES	LABORATORIO	LU 16-20	LAB 33R1	CARPIO DEZA, EDWARD ARSENIO
CQ482	A	GESTION DE LA CALIDAD DE LABORATORIOS	TEORIA	MA 10-12	R1-401	CHANGANAQUI BARRIENTOS, KATHERINA
CQ482	A	GESTION DE LA CALIDAD DE LABORATORIOS	PRACTICA	VI 10-12	R1-421	CHANGANAQUI BARRIENTOS, KATHERINA
CQ491	A	TECNICAS ELECTROQUIMICAS Y CROMATOGRAFICAS EN QUIMICA ANALITICA	TEORIA	LU 14-16	R1-411	QUIROZ AGUINAGA, ULISES
CQ491	A	TECNICAS ELECTROQUIMICAS Y CROMATOGRAFICAS EN QUIMICA ANALITICA	TEORIA	VI 14-16	R1-401	QUIROZ AGUINAGA, ULISES
CQ491	A	TECNICAS ELECTROQUIMICAS Y CROMATOGRAFICAS EN QUIMICA ANALITICA	LABORATORIO	LU 8-12	LAB 33R2	MAZA MEJIA, ILY MARILÚ
CQ4E1	A	QUIMICA CUANTICA	TEORIA	MI 14-16	R1-450	CORZO LUCIONI, ALBERTO
CQ4E1	A	QUIMICA CUANTICA	TEORIA	JU 16-18	R1-250A	CORZO LUCIONI, ALBERTO
CQ4E1	A	QUIMICA CUANTICA	PRACTICA	JU 18-20	R5-125	CORZO LUCIONI, ALBERTO
CQ4E2	A	PROYECTO DE TESIS EN QUIMICA I	PRACTICA	SA 16-18	R5126	CARLOS SALAZAR, MAX JORGE
CQ4E2	A	PROYECTO DE TESIS EN QUIMICA I	PRACTICA	SA 16-18	R5126	RUIZ MONTOYA, JOSÉ GABRIEL
CQ4E2	A	PROYECTO DE TESIS EN QUIMICA I	PRACTICA	SA 16-18	R5126	QUIROZ AGUINAGA, ULISES
CQ4E2	A	PROYECTO DE TESIS EN QUIMICA I	PRACTICA	SA 16-18	R5126	ALARCON CAVERO, HUGO ARTURO
CQ501	A	PROCESOS QUIMICOS INDUSTRIALES	TEORIA	LU 18-20	R1-411	DÁVILA INGARUCA, MARCELINO EUSEBIO
CQ501	A	PROCESOS QUIMICOS INDUSTRIALES	TEORIA	MA 18-20	R1-411	DÁVILA INGARUCA, MARCELINO EUSEBIO
CQ501	A	PROCESOS QUIMICOS INDUSTRIALES	PRACTICA	VI 18-20	R1-430	DÁVILA INGARUCA, MARCELINO EUSEBIO
CQ511	A	DISEÑO ORGANIZACIONAL Y SEGURIDAD EN EL LABORATORIO	TEORIA	JU 18-20	R1-401	CHANGANAQUI BARRIENTOS, KATHERINA
CQ511	A	DISEÑO ORGANIZACIONAL Y SEGURIDAD EN EL LABORATORIO	PRACTICA	MI 17-19	R3-123B	CHANGANAQUI BARRIENTOS, KATHERINA
CQ541	A	PROYECTO DE TESIS EN QUIMICA II	PRACTICA	SA 20-22	R6-425	BAENA MONCADA, ANGÉLICA MARIA
CQ541	A	PROYECTO DE TESIS EN QUIMICA II	PRACTICA	SA 20-22	R6-425	MUEDAS TAIPE, GOLFER
CQ541	A	PROYECTO DE TESIS EN QUIMICA II	PRACTICA	SA 20-22	R6-425	VALDERRAMA NEGRÓN, ANA CECILIA
CQ541	A	PROYECTO DE TESIS EN QUIMICA II	PRACTICA	SA 20-22	R6-425	MAZA MEJIA, ILY MARILÚ
CQ541	A	PROYECTO DE TESIS EN QUIMICA II	PRACTICA	SA 20-22	R6-425	CCONISLLA BELLO, JOSÉ LUIS
CQ541	A	PROYECTO DE TESIS EN QUIMICA II	PRACTICA	SA 20-22	R6-425	LÓPEZ CISNEROS, ROSARIO CRISTINA
CQ541	A	PROYECTO DE TESIS EN QUIMICA II	PRACTICA	SA 20-22	R6-425	QUIROZ AGUINAGA, ULISES
CQ541	A	PROYECTO DE TESIS EN QUIMICA II	PRACTICA	SA 20-22	R6-425	CARLOS SALAZAR, MAX JORGE
CQ541	A	PROYECTO DE TESIS EN QUIMICA II	PRACTICA	SA 20-22	R6-425	LA ROSA TORO GOMEZ, ADOLFO
CQ5T3	A	TALLER DE INVESTIGACION	PRACTICA	SA 10-12	R6-470	ALARCON CAVERO, HUGO ARTURO
CQ5T3	A	TALLER DE INVESTIGACION	PRACTICA	SA 10-12	R6-470	CÓNDOR CUYUBAMBA, ELENA ALICIA
CQ5T3	A	TALLER DE INVESTIGACION	PRACTICA	SA 10-12	R6-470	JACINTO HERNANDEZ, CHRISTIAN RONALD
CQ5T3	A	TALLER DE INVESTIGACION	PRACTICA	SA 10-12	R6-470	BAENA MONCADA, ANGÉLICA MARIA
CQ5T3	A	TALLER DE INVESTIGACION	PRACTICA	SA 10-12	R6-470	MUEDAS TAIPE, GOLFER
CQ5T3	A	TALLER DE INVESTIGACION	PRACTICA	SA 10-12	R6-470	VALDERRAMA NEGRÓN, ANA CECILIA
CQ5T3	A	TALLER DE INVESTIGACION	PRACTICA	SA 10-12	R6-470	PICASSO ESCOBAR, GINO ITALO
IF242	A	INTRODUCCION A LA METROLOGIA	TEORIA	JU 18-20	R1-125B	LUYO CAYCHO, CLEMENTE ALFREDO
IF242	A	INTRODUCCION A LA METROLOGIA	PRACTICA	MI 20-22	R1-125B	LUYO CAYCHO, CLEMENTE ALFREDO
IF252	A	METODOS MATEMATICOS PARA INGENIERIA	TEORIA	LU 18-20	R3-209	DÍAZ ROSADO, JOSÉ CARLOS
IF252	A	METODOS MATEMATICOS PARA INGENIERIA	TEORIA	MI 18-20	R3-209	DÍAZ ROSADO, JOSÉ CARLOS
IF252	A	METODOS MATEMATICOS PARA INGENIERIA	TEORIA	VI 18-20	R3-209	DÍAZ ROSADO, JOSÉ CARLOS
IF252	A	METODOS MATEMATICOS PARA INGENIERIA	PRACTICA	JU 16-20	R1-450	RIVERA TITO, HARRY ANDERSON
IF281	A	DIBUJO Y DISEÑO PARA INGENIERIA	TEORIA	LU 18-20	SALA 2	HUAMANI HUARANJA, DANIEL
IF281	A	DIBUJO Y DISEÑO PARA INGENIERIA	PRACTICA	VI 16-20	SALA 3	HUAMANI HUARANJA, DANIEL
IF281	B	DIBUJO Y DISEÑO PARA INGENIERIA	TEORIA	MA 10-12	SALA 1	CARPIO DEZA, EDWARD ARSENIO
IF281	B	DIBUJO Y DISEÑO PARA INGENIERIA	PRACTICA	SA 7-11	SALA 1	CARPIO DEZA, EDWARD ARSENIO
IF283	A	ELEMENTOS DEL DISEÑO Y FORMULACION DE PROYECTOS	TEORIA	MA 8-11	R1-125B	GÓMEZ LEÓN, MÓNICA MARCELA
IF292	A	INGENIERIA DE PROCESOS MECANICOS	TEORIA	MI 8-9	R2-152	CARPIO DEZA, EDWARD ARSENIO
IF292	A	INGENIERIA DE PROCESOS MECANICOS	PRACTICA	MI 10-13	R2-152	CARPIO DEZA, EDWARD ARSENIO
IF294	A	INGENIERIA DE INSTALACIONES INDUSTRIALES	TEORIA	LU 8-10	R1-192	ROJAS ESTELA, OSWALDO
IF294	A	INGENIERIA DE INSTALACIONES INDUSTRIALES	PRACTICA	LU 10-12	R1-192	ROJAS ESTELA, OSWALDO
IF321	A	CALCULO NUMERICO I	TEORIA	MI 14-16	SALA 1	LAURA CCAHUANA, DAMASO
IF321	A	CALCULO NUMERICO I	TEORIA	VI 14-16	SALA 2	LAURA CCAHUANA, DAMASO
IF321	A	CALCULO NUMERICO I	PRACTICA	LU 12-16	R1-440	LAURA CCAHUANA, DAMASO
IF326	A	FISICA TERMICA II	TEORIA	MA 12-14	R3-209	QUINTANA CACEDA, MARÍA ESTHER
IF326	A	FISICA TERMICA II	TEORIA	JU 10-12	R3-123C	QUINTANA CACEDA, MARÍA ESTHER
IF326	A	FISICA TERMICA II	PRACTICA	MA 16-18	R1-450	LUYO CAYCHO, CLEMENTE ALFREDO
IF352	A	FISICA TERMICA I	TEORIA	LU 10-12	R3-209	HUAMÁN AGUIRRE, ARNOLD ANTHONY
IF352	A	FISICA TERMICA I	TEORIA	VI 10-12	R3-209	HUAMÁN AGUIRRE, ARNOLD ANTHONY
IF352	A	FISICA TERMICA I	PRACTICA	VI 14-16	R3-123B	HUAMÁN AGUIRRE, ARNOLD ANTHONY
IF372	A	ELECTROMAGNETISMO PARA INGENIERIA	TEORIA	LU 8-10	J3-162A	PEREZ COLLANTES, RAFAEL DIEGO
IF372	A	ELECTROMAGNETISMO PARA INGENIERIA	TEORIA	MI 14-16	J3-162A	PEREZ COLLANTES, RAFAEL DIEGO
IF372	A	ELECTROMAGNETISMO PARA INGENIERIA	PRACTICA	MA 16-18	J3-232	ADRIANO PEÑA, ROLANDO WILDER
IF392	A	CALCULO NUMERICO II	TEORIA	JU 8-11	R1-125A	RAMOS APESTEGUI, PIERRE
IF392	A	CALCULO NUMERICO II	PRACTICA	JU 12-15	SALA 2	RAMOS APESTEGUI, PIERRE
IF3A2	A	INGENIERIA ECONOMICA	TEORIA	JU 10-12	SALA 1	CERVANTES GRUNDY, CARLOS JAIME
IF3B2	A	PROCESAMIENTO DE SEÑALES Y DATOS	TEORIA	LU 16-18	R1-125B	COMINA BELLIDO, GERMAN YURI
IF3B2	A	PROCESAMIENTO DE SEÑALES Y DATOS	LABORATORIO	MI 17-20	SALA 1	SÁNCHEZ RODAS, LUIS ALBERTO
IF3B3	A	INTRODUCCION A PYTHON PARA INGENIERIA FISICA	LABORATORIO	MI 10-13	SALA 3	COMINA BELLIDO, GERMAN YURI
IF411	A	MECANICA CUANTICA	TEORIA	LU 10-13	J3-222	PEREZ COLLANTES, RAFAEL DIEGO
IF411	A	MECANICA CUANTICA	TEORIA	VI 12-15	R1-411	PEREZ COLLANTES, RAFAEL DIEGO
IF411	A	MECANICA CUANTICA	PRACTICA	JU 16-19	J3-152	HUAMÁN AGUIRRE, ARNOLD ANTHONY
IF462	A	TEORIA DE CONTROL	TEORIA	LU 16-18	R1-125A	SÁNCHEZ RODAS, LUIS ALBERTO
IF462	A	TEORIA DE CONTROL	TEORIA	JU 16-18	R1-125A	SÁNCHEZ RODAS, LUIS ALBERTO
IF462	A	TEORIA DE CONTROL	PRACTICA	MA 14-16	R1-125B	SÁNCHEZ RODAS, LUIS ALBERTO
IF471	A	SISTEMAS DIGITALES	TEORIA	LU 14-15	R2-323	CASTILLO OCAÑA, GUIDO JUVENAL
IF471	A	SISTEMAS DIGITALES	LABORATORIO	LU 15-16	R2-323	CASTILLO OCAÑA, GUIDO JUVENAL
IF471	A	SISTEMAS DIGITALES	LABORATORIO	LU 16-18	R2-323	ADRIANO PEÑA, ROLANDO WILDER
IF471	A	SISTEMAS DIGITALES	LABORATORIO	MI 14-16	R2-323	CASTILLO OCAÑA, GUIDO JUVENAL
IF471	A	SISTEMAS DIGITALES	LABORATORIO	MI 16-18	R2-323	ADRIANO PEÑA, ROLANDO WILDER
IF471	B	SISTEMAS DIGITALES	TEORIA	MI 8-9	R2-323	CASTILLO OCAÑA, GUIDO JUVENAL
IF471	B	SISTEMAS DIGITALES	LABORATORIO	MI 9-12	R2-323	CASTILLO OCAÑA, GUIDO JUVENAL
IF471	B	SISTEMAS DIGITALES	LABORATORIO	VI 8-12	R2-323	CASTILLO OCAÑA, GUIDO JUVENAL
IF471	B	SISTEMAS DIGITALES	LABORATORIO	VI 9-12	R2-323	CARPIO DEZA, EDWARD ARSENIO
IF482	A	INTRODUCCION A LA CIENCIA E INGENIERIA DE LOS MATERIALES	TEORIA	MA 8-10	R1-125A	SOLIS VELIZ, JOSÉ LUIS
IF482	A	INTRODUCCION A LA CIENCIA E INGENIERIA DE LOS MATERIALES	TEORIA	JU 8-10	R3-123B	SOLIS VELIZ, JOSÉ LUIS
IF482	A	INTRODUCCION A LA CIENCIA E INGENIERIA DE LOS MATERIALES	PRACTICA	VI 14-16	R1-450	LUYO CAYCHO, CLEMENTE ALFREDO
IF492	A	INGENIERIA SOLAR	TEORIA	MA 10-12	R1-125A	MOLINA FUERTES, JUAN OMAR
IF492	A	INGENIERIA SOLAR	TEORIA	MA 16-18	R3-123B	MOLINA FUERTES, JUAN OMAR
IF492	A	INGENIERIA SOLAR	PRACTICA	LU 14-16	R3-123B	MOLINA FUERTES, JUAN OMAR
IF4A1	A	MECANICA DE FLUIDOS	TEORIA	VI 16-18	R3-123C	PAUCARCHUCO MUZURRIETA, CARLOS RAÚL
IF4A1	A	MECANICA DE FLUIDOS	PRACTICA	VI 18-19	R3-123B	PAUCARCHUCO MUZURRIETA, CARLOS RAÚL
IF4A2	A	TALLER DE PROYECTO DE INVESTIGACION I	TEORIA	LU 8-10	R1-250B	RODRIGUEZ RODRIGUEZ, JUAN MARTIN
IF4A2	A	TALLER DE PROYECTO DE INVESTIGACION I	LABORATORIO	LU 10-12	R1-240B	RODRIGUEZ RODRIGUEZ, JUAN MARTIN
IF4B2	A	INTRODUCCION A LA INGENIERIA FISICA	TEORIA	JU 16-18	R1-192	GUTARRA ESPINOZA, ABEL AURELIO
IF4C1	A	MECANICA DE FLUIDOS Y TRANSFERENCIA DE CALOR	TEORIA	LU 8-10	R1-125B	PAUCARCHUCO MUZURRIETA, CARLOS RAÚL
IF4C1	A	MECANICA DE FLUIDOS Y TRANSFERENCIA DE CALOR	TEORIA	VI 16-18	R1-125B	PAUCARCHUCO MUZURRIETA, CARLOS RAÚL
IF4C1	A	MECANICA DE FLUIDOS Y TRANSFERENCIA DE CALOR	PRACTICA	JU 14-16	R1-125B	PAUCARCHUCO MUZURRIETA, CARLOS RAÚL
IF511	A	PROYECTO DE INSTRUMENTACION ELECTRONICA	PRACTICA	SA 14-16	R9-275	DÍAZ ROSADO, JOSÉ CARLOS
IF511	A	PROYECTO DE INSTRUMENTACION ELECTRONICA	PRACTICA	SA 14-16	R9-275	RAMOS APESTEGUI, PIERRE
IF543	A	TALLER DE PROYECTO DE INVESTIGACION II	PRACTICA	DO 20-22	R1-430	SOLIS VELIZ, JOSÉ LUIS
IF543	A	TALLER DE PROYECTO DE INVESTIGACION II	PRACTICA	DO 20-22	R1-430	GUTARRA ESPINOZA, ABEL AURELIO
IF543	A	TALLER DE PROYECTO DE INVESTIGACION II	PRACTICA	DO 20-22	R1-430	RODRIGUEZ RODRIGUEZ, JUAN MARTIN
IF543	A	TALLER DE PROYECTO DE INVESTIGACION II	PRACTICA	DO 20-22	R1-430	ESTRADA LÓPEZ, WALTER FRANCISCO
IF543	A	TALLER DE PROYECTO DE INVESTIGACION II	PRACTICA	DO 20-22	R1-430	COMINA BELLIDO, GERMAN YURI
IF543	A	TALLER DE PROYECTO DE INVESTIGACION II	PRACTICA	DO 20-22	R1-430	QUINTANA CACEDA, MARÍA ESTHER
IF543	A	TALLER DE PROYECTO DE INVESTIGACION II	PRACTICA	DO 20-22	R1-430	GÓMEZ LEÓN, MÓNICA MARCELA
IF543	A	TALLER DE PROYECTO DE INVESTIGACION II	PRACTICA	DO 20-22	R1-430	RAMOS APESTEGUI, PIERRE
IF562	A	TECNICAS FISICAS PARA LA INDUSTRIA	TEORIA	JU 8-10	R1-192	GUTARRA ESPINOZA, ABEL AURELIO
IF562	A	TECNICAS FISICAS PARA LA INDUSTRIA	LABORATORIO	MA 8-12	R1-192	GUTARRA ESPINOZA, ABEL AURELIO
IF5A2	A	TECNICAS FISICAS PARA LA INDUSTRIA	TEORIA	JU 8-10	R1-192	GUTARRA ESPINOZA, ABEL AURELIO
IF5A2	A	TECNICAS FISICAS PARA LA INDUSTRIA	LABORATORIO	MA 8-12	R1-192	GUTARRA ESPINOZA, ABEL AURELIO
IF5T3	A	TALLER DE INVESTIGACION	PRACTICA	DO 14-16	R7-574	MOLINA FUERTES, JUAN OMAR
IF5T3	A	TALLER DE INVESTIGACION	PRACTICA	DO 14-16	R7-574	DÍAZ ROSADO, JOSÉ CARLOS
IF5T3	A	TALLER DE INVESTIGACION	PRACTICA	DO 14-16	R7-574	RODRIGUEZ RODRIGUEZ, JUAN MARTIN
IF5T3	A	TALLER DE INVESTIGACION	PRACTICA	DO 14-16	R7-574	QUINTANA CACEDA, MARÍA ESTHER
IF5T3	A	TALLER DE INVESTIGACION	PRACTICA	DO 14-16	R7-574	SOLIS VELIZ, JOSÉ LUIS
IF5T3	A	TALLER DE INVESTIGACION	PRACTICA	DO 14-16	R7-574	GÓMEZ LEÓN, MÓNICA MARCELA
IFE15	A	CIENCIA DE LOS MATERIALES	TEORIA	LU 10-12	R1-401	RODRIGUEZ RODRIGUEZ, JUAN MARTIN
IFE15	A	CIENCIA DE LOS MATERIALES	TEORIA	MA 10-12	R1-430	RODRIGUEZ RODRIGUEZ, JUAN MARTIN
IFE15	A	CIENCIA DE LOS MATERIALES	PRACTICA	VI 14-16	R1-421	RAMOS APESTEGUI, PIERRE
IFE18	A	LABORATORIO DE ENERGIA RENOVABLES	TEORIA	MA 9-12	CER UNI	HUAMÁN AGUIRRE, ARNOLD ANTHONY
IFE18	A	LABORATORIO DE ENERGIA RENOVABLES	TEORIA	MA 12-13	CER UNI	ROJAS ESTELA, OSWALDO
IFE18	A	LABORATORIO DE ENERGIA RENOVABLES	PRACTICA	JU 9-13	CER UNI	ROJAS ESTELA, OSWALDO
IFE23	A	TOPICOS ESPECIALES DE INGENIERIA FISICA II	TEORIA	JU 12-16	R3-209	MONTOYA ZAVALETA, MODESTO EDILBERTO
IFE23	A	TOPICOS ESPECIALES DE INGENIERIA FISICA II	PRACTICA	MI 14-16	R1-240B	MONTOYA ZAVALETA, MODESTO EDILBERTO
IFE24	A	TOPICOS ESPECIALES DE INGENIERIA FISICA III	TEORIA	MA 14-16	R1-192	ROJAS ESTELA, OSWALDO
IFE24	A	TOPICOS ESPECIALES DE INGENIERIA FISICA III	PRACTICA	MA 16-19	R1-125B	ROJAS ESTELA, OSWALDO
IFE25	A	TOPICOS ESPECIALES DE INGENIERIA FISICA IV	TEORIA	SA 10-11	R3-123B	DÍAZ ROSADO, JOSÉ CARLOS
IFE25	A	TOPICOS ESPECIALES DE INGENIERIA FISICA IV	PRACTICA	SA 11-14	R3-123B	DÍAZ ROSADO, JOSÉ CARLOS
IFE26	A	TOPICOS ESPECIALES DE INGENIERIA FISICA V	TEORIA	LU 14-17	SALA 1	LUYO CAYCHO, CLEMENTE ALFREDO
IFE26	A	TOPICOS ESPECIALES DE INGENIERIA FISICA V	PRACTICA	MI 14-16	R3-123B	CARPIO DEZA, EDWARD ARSENIO
IFE29	A	TOPICOS ESPECIALES DE INGENIERIA FISICA VIII	TEORIA	MA 11-13	R1-125B	LAURA CCAHUANA, DAMASO
IFE29	A	TOPICOS ESPECIALES DE INGENIERIA FISICA VIII	LABORATORIO	JU 8-10	R1-125B	LAURA CCAHUANA, DAMASO
